wallet,coin,direction,price,real_size,real_closed_pnl,paper_scale_factor,paper_closed_pnl_estimate,time
0xb5b3f3caf9d778b1293e5cd29f32e84b04c67a08,PONS,Open Long,0.565,623.0,0.0,2.840949,0,2026-09-10T10:02:30.746000+00:00
0xb5b3f3caf9d778b1293e5cd29f32e84b04c67a08,PONS,Open Long,0.56497,611.0,0.0,2.896899,0,2026-09-10T10:02:30.618000+00:00
0xb5b3f3caf9d778b1293e5cd29f32e84b04c67a08,PONS,Open Long,0.56491,606.0,0.0,2.921111,0,2026-09-10T10:02:30.618000+00:00
0xb5b3f3caf9d778b1293e5cd29f32e84b04c67a08,PONS,Open Long,0.5629,88.0,0.0,20.187665,0,2026-09-10T10:02:15.736000+00:00
0xb5b3f3caf9d778b1293e5cd29f32e84b04c67a08,PONS,Open Long,0.5629,3555.0,0.0,0.499723,0,2026-09-10T10:02:15.673000+00:00
0xb5b3f3caf9d778b1293e5cd29f32e84b04c67a08,PONS,Open Long,0.5629,1013.0,0.0,1.753716,0,2026-09-10T10:02:15.461000+00:00
0xb5b3f3caf9d778b1293e5cd29f32e84b04c67a08,PONS,Open Long,0.5629,88.0,0.0,20.187665,0,2026-09-10T10:02:15.461000+00:00
0xb5b3f3caf9d778b1293e5cd29f32e84b04c67a08,PONS,Open Long,0.5629,771.0,0.0,2.304169,0,2026-09-10T10:02:15.326000+00:00
0xb5b3f3caf9d778b1293e5cd29f32e84b04c67a08,PONS,Open Long,0.5629,88.0,0.0,20.187665,0,2026-09-10T10:02:15.125000+00:00
0xb5b3f3caf9d778b1293e5cd29f32e84b04c67a08,PONS,Open Long,0.5629,1792.0,0.0,0.991359,0,2026-09-10T10:02:15.063000+00:00
0xb5b3f3caf9d778b1293e5cd29f32e84b04c67a08,PONS,Open Long,0.5629,288.0,0.0,6.168453,0,2026-09-10T10:02:15.063000+00:00
0xb5b3f3caf9d778b1293e5cd29f32e84b04c67a08,PONS,Open Long,0.5629,3555.0,0.0,0.499723,0,2026-09-10T10:02:14.924000+00:00
0xb5b3f3caf9d778b1293e5cd29f32e84b04c67a08,PONS,Open Long,0.5629,321.0,0.0,5.534313,0,2026-09-10T10:02:14.857000+00:00
0xb5b3f3caf9d778b1293e5cd29f32e84b04c67a08,PONS,Open Long,0.5629,360.0,0.0,4.934762,0,2026-09-10T10:02:14.665000+00:00
0xb5b3f3caf9d778b1293e5cd29f32e84b04c67a08,PONS,Open Long,0.5629,3555.0,0.0,0.499723,0,2026-09-10T10:02:14.081000+00:00
0xb5b3f3caf9d778b1293e5cd29f32e84b04c67a08,PONS,Open Long,0.5629,88.0,0.0,20.187665,0,2026-09-10T10:02:14.081000+00:00
0xb5b3f3caf9d778b1293e5cd29f32e84b04c67a08,PONS,Open Long,0.5629,177.0,0.0,10.036805,0,2026-09-10T10:02:13.302000+00:00
0xb5b3f3caf9d778b1293e5cd29f32e84b04c67a08,PONS,Open Long,0.5629,88.0,0.0,20.187665,0,2026-09-10T10:02:13.229000+00:00
0xb5b3f3caf9d778b1293e5cd29f32e84b04c67a08,PONS,Open Long,0.5629,3555.0,0.0,0.499723,0,2026-09-10T10:02:13.177000+00:00
0xb5b3f3caf9d778b1293e5cd29f32e84b04c67a08,PONS,Open Long,0.5629,13.0,0.0,136.65496,0,2026-09-10T10:02:13.100000+00:00
0xb5b3f3caf9d778b1293e5cd29f32e84b04c67a08,PONS,Open Long,0.5629,35.0,0.0,50.757557,0,2026-09-10T10:02:12.982000+00:00
0xb5b3f3caf9d778b1293e5cd29f32e84b04c67a08,PONS,Open Long,0.5629,88.0,0.0,20.187665,0,2026-09-10T10:02:12.874000+00:00
0xb5b3f3caf9d778b1293e5cd29f32e84b04c67a08,PONS,Open Long,0.5629,1341.0,0.0,1.324768,0,2026-09-10T10:02:12.669000+00:00
0xb5b3f3caf9d778b1293e5cd29f32e84b04c67a08,PONS,Open Long,0.5629,35.0,0.0,50.757557,0,2026-09-10T10:02:12.669000+00:00
0xb5b3f3caf9d778b1293e5cd29f32e84b04c67a08,PONS,Open Long,0.5629,440.0,0.0,4.037533,0,2026-09-10T10:02:12.562000+00:00
0xb5b3f3caf9d778b1293e5cd29f32e84b04c67a08,PONS,Open Long,0.5629,1992.0,0.0,0.891825,0,2026-09-10T10:02:12.562000+00:00
0xb5b3f3caf9d778b1293e5cd29f32e84b04c67a08,PONS,Open Long,0.5629,1843.0,0.0,0.963925,0,2026-09-10T10:02:12.562000+00:00
0xb5b3f3caf9d778b1293e5cd29f32e84b04c67a08,PONS,Open Long,0.5629,428.0,0.0,4.150735,0,2026-09-10T10:02:12.562000+00:00
0xb5b3f3caf9d778b1293e5cd29f32e84b04c67a08,PONS,Open Long,0.5629,88.0,0.0,20.187665,0,2026-09-10T10:02:12.562000+00:00
0xb5b3f3caf9d778b1293e5cd29f32e84b04c67a08,PONS,Open Long,0.5629,905.0,0.0,1.962999,0,2026-09-10T10:02:12.473000+00:00
0xb5b3f3caf9d778b1293e5cd29f32e84b04c67a08,PONS,Open Long,0.5629,35.0,0.0,50.757557,0,2026-09-10T10:02:12.473000+00:00
0xb5b3f3caf9d778b1293e5cd29f32e84b04c67a08,PONS,Open Long,0.5629,1122.0,0.0,1.583346,0,2026-09-10T10:02:12.147000+00:00
0xb5b3f3caf9d778b1293e5cd29f32e84b04c67a08,PONS,Open Long,0.5629,88.0,0.0,20.187665,0,2026-09-10T10:02:12.147000+00:00
0xb5b3f3caf9d778b1293e5cd29f32e84b04c67a08,PONS,Open Long,0.5629,35.0,0.0,50.757557,0,2026-09-10T10:02:12.147000+00:00
0xb5b3f3caf9d778b1293e5cd29f32e84b04c67a08,PONS,Open Long,0.5629,534.0,0.0,3.326806,0,2026-09-10T10:02:12.147000+00:00
0xb5b3f3caf9d778b1293e5cd29f32e84b04c67a08,PONS,Open Long,0.5629,69.0,0.0,25.746587,0,2026-09-10T10:02:11.066000+00:00
0xb5b3f3caf9d778b1293e5cd29f32e84b04c67a08,PONS,Open Long,0.5629,937.0,0.0,1.89596,0,2026-09-10T10:02:10.772000+00:00
0xb5b3f3caf9d778b1293e5cd29f32e84b04c67a08,PONS,Open Long,0.5629,1318.0,0.0,1.347887,0,2026-09-10T10:02:09.250000+00:00
0xb5b3f3caf9d778b1293e5cd29f32e84b04c67a08,PONS,Open Long,0.5629,533.0,0.0,3.333048,0,2026-09-10T10:02:03.867000+00:00
0xb5b3f3caf9d778b1293e5cd29f32e84b04c67a08,PONS,Open Long,0.5629,4440.0,0.0,0.400116,0,2026-09-10T10:02:03.663000+00:00
0xb5b3f3caf9d778b1293e5cd29f32e84b04c67a08,PONS,Open Long,0.5629,533.0,0.0,3.333048,0,2026-09-10T10:02:03.449000+00:00
0xb5b3f3caf9d778b1293e5cd29f32e84b04c67a08,PONS,Open Long,0.5629,3587.0,0.0,0.495265,0,2026-09-10T10:02:03.449000+00:00
0xb5b3f3caf9d778b1293e5cd29f32e84b04c67a08,PONS,Open Long,0.5629,2529.0,0.0,0.702457,0,2026-09-10T10:02:02.661000+00:00
0xb5b3f3caf9d778b1293e5cd29f32e84b04c67a08,PONS,Open Long,0.5629,4439.0,0.0,0.400206,0,2026-09-10T10:02:02.661000+00:00
0xb5b3f3caf9d778b1293e5cd29f32e84b04c67a08,PONS,Open Long,0.5629,533.0,0.0,3.333048,0,2026-09-10T10:02:02.508000+00:00
0xb5b3f3caf9d778b1293e5cd29f32e84b04c67a08,PONS,Open Long,0.5629,533.0,0.0,3.333048,0,2026-09-10T10:02:02.308000+00:00
0xb5b3f3caf9d778b1293e5cd29f32e84b04c67a08,PONS,Open Long,0.5629,4081.0,0.0,0.435314,0,2026-09-10T10:02:02.241000+00:00
0xb5b3f3caf9d778b1293e5cd29f32e84b04c67a08,PONS,Open Long,0.5629,823.0,0.0,2.158584,0,2026-09-10T10:02:02.045000+00:00
0xb5b3f3caf9d778b1293e5cd29f32e84b04c67a08,PONS,Open Long,0.5629,4436.0,0.0,0.400477,0,2026-09-10T10:02:02.045000+00:00
0xb5b3f3caf9d778b1293e5cd29f32e84b04c67a08,PONS,Open Long,0.5629,533.0,0.0,3.333048,0,2026-09-10T10:02:01.844000+00:00
0xb5b3f3caf9d778b1293e5cd29f32e84b04c67a08,PONS,Open Long,0.5629,4437.0,0.0,0.400386,0,2026-09-10T10:02:01.844000+00:00
0xb5b3f3caf9d778b1293e5cd29f32e84b04c67a08,PONS,Open Long,0.5629,3910.0,0.0,0.454352,0,2026-09-10T10:02:01.441000+00:00
0xb5b3f3caf9d778b1293e5cd29f32e84b04c67a08,PONS,Open Long,0.5629,533.0,0.0,3.333048,0,2026-09-10T10:02:01.291000+00:00
0xb5b3f3caf9d778b1293e5cd29f32e84b04c67a08,PONS,Open Long,0.5629,533.0,0.0,3.333048,0,2026-09-10T10:02:01.222000+00:00
0xb5b3f3caf9d778b1293e5cd29f32e84b04c67a08,PONS,Open Long,0.5629,3376.0,0.0,0.526219,0,2026-09-10T10:02:01.086000+00:00
0xb5b3f3caf9d778b1293e5cd29f32e84b04c67a08,PONS,Open Long,0.5602,89.0,0.0,20.057042,0,2026-09-10T10:01:17.462000+00:00
0xb5b3f3caf9d778b1293e5cd29f32e84b04c67a08,PONS,Open Long,0.5602,89.0,0.0,20.057042,0,2026-09-10T10:01:17.007000+00:00
0xb5b3f3caf9d778b1293e5cd29f32e84b04c67a08,PONS,Open Long,0.5602,243.0,0.0,7.345995,0,2026-09-10T10:01:17.007000+00:00
0xb5b3f3caf9d778b1293e5cd29f32e84b04c67a08,PONS,Open Long,0.5602,54.0,0.0,33.056977,0,2026-09-10T10:01:17.007000+00:00
0xb5b3f3caf9d778b1293e5cd29f32e84b04c67a08,PONS,Open Long,0.5602,3586.0,0.0,0.497791,0,2026-09-10T10:01:16.768000+00:00
0xb5b3f3caf9d778b1293e5cd29f32e84b04c67a08,PONS,Open Long,0.5602,357.0,0.0,5.000215,0,2026-09-10T10:01:16.702000+00:00
0xb5b3f3caf9d778b1293e5cd29f32e84b04c67a08,PONS,Open Long,0.5602,89.0,0.0,20.057042,0,2026-09-10T10:01:16.702000+00:00
0xb5b3f3caf9d778b1293e5cd29f32e84b04c67a08,PONS,Open Long,0.5602,35.0,0.0,51.002193,0,2026-09-10T10:01:16.602000+00:00
0xb5b3f3caf9d778b1293e5cd29f32e84b04c67a08,PONS,Open Long,0.5602,503.0,0.0,3.54886,0,2026-09-10T10:01:16.602000+00:00
0xb5b3f3caf9d778b1293e5cd29f32e84b04c67a08,PONS,Open Long,0.5602,889.0,0.0,2.00796,0,2026-09-10T10:01:16.602000+00:00
0xb5b3f3caf9d778b1293e5cd29f32e84b04c67a08,PONS,Open Long,0.5602,1039.0,0.0,1.718072,0,2026-09-10T10:01:16.482000+00:00
0xb5b3f3caf9d778b1293e5cd29f32e84b04c67a08,PONS,Open Long,0.5602,89.0,0.0,20.057042,0,2026-09-10T10:01:16.401000+00:00
0xb5b3f3caf9d778b1293e5cd29f32e84b04c67a08,PONS,Open Long,0.5602,3586.0,0.0,0.497791,0,2026-09-10T10:01:16.097000+00:00
0xb5b3f3caf9d778b1293e5cd29f32e84b04c67a08,PONS,Open Long,0.5602,89.0,0.0,20.057042,0,2026-09-10T10:01:16.030000+00:00
0xb5b3f3caf9d778b1293e5cd29f32e84b04c67a08,PONS,Open Long,0.5602,1186.0,0.0,1.505124,0,2026-09-10T10:01:15.947000+00:00
0xb5b3f3caf9d778b1293e5cd29f32e84b04c67a08,PONS,Open Long,0.5602,599.0,0.0,2.980095,0,2026-09-10T10:01:15.830000+00:00
0xb5b3f3caf9d778b1293e5cd29f32e84b04c67a08,PONS,Open Long,0.5602,890.0,0.0,2.005704,0,2026-09-10T10:01:15.830000+00:00
0xb5b3f3caf9d778b1293e5cd29f32e84b04c67a08,PONS,Open Long,0.5602,1785.0,0.0,1.000043,0,2026-09-10T10:01:15.490000+00:00
0xb5b3f3caf9d778b1293e5cd29f32e84b04c67a08,PONS,Open Long,0.5602,696.0,0.0,2.564765,0,2026-09-10T10:01:15.490000+00:00
0xb5b3f3caf9d778b1293e5cd29f32e84b04c67a08,PONS,Open Long,0.5602,1098.0,0.0,1.625753,0,2026-09-10T10:01:15.424000+00:00
0xb5b3f3caf9d778b1293e5cd29f32e84b04c67a08,PONS,Open Long,0.5602,288.0,0.0,6.198183,0,2026-09-10T10:01:15.018000+00:00
0xb5b3f3caf9d778b1293e5cd29f32e84b04c67a08,PONS,Open Long,0.56018,686.0,0.0,2.602246,0,2026-09-10T10:01:14.817000+00:00
0xb5b3f3caf9d778b1293e5cd29f32e84b04c67a08,PONS,Open Long,0.56016,3468.0,0.0,0.514765,0,2026-09-10T10:01:14.817000+00:00
0xb5b3f3caf9d778b1293e5cd29f32e84b04c67a08,PONS,Open Long,0.56012,686.0,0.0,2.602524,0,2026-09-10T10:01:14.817000+00:00
0xb5b3f3caf9d778b1293e5cd29f32e84b04c67a08,PONS,Open Long,0.56006,686.0,0.0,2.602803,0,2026-09-10T10:01:14.817000+00:00
0xb5b3f3caf9d778b1293e5cd29f32e84b04c67a08,PONS,Open Long,0.56004,179.0,0.0,9.975345,0,2026-09-10T10:01:14.817000+00:00
0xb5b3f3caf9d778b1293e5cd29f32e84b04c67a08,PONS,Open Long,0.56004,179.0,0.0,9.975345,0,2026-09-10T10:01:14.817000+00:00
0xb5b3f3caf9d778b1293e5cd29f32e84b04c67a08,PONS,Open Long,0.56004,179.0,0.0,9.975345,0,2026-09-10T10:01:14.817000+00:00
0xb5b3f3caf9d778b1293e5cd29f32e84b04c67a08,PONS,Open Long,0.56003,179.0,0.0,9.975523,0,2026-09-10T10:01:14.817000+00:00
0xb5b3f3caf9d778b1293e5cd29f32e84b04c67a08,PONS,Open Long,0.56,686.0,0.0,2.603082,0,2026-09-10T10:01:14.817000+00:00
0xb5b3f3caf9d778b1293e5cd29f32e84b04c67a08,PONS,Open Long,0.55999,863.0,0.0,2.069231,0,2026-09-10T10:01:14.817000+00:00
0xb5b3f3caf9d778b1293e5cd29f32e84b04c67a08,PONS,Open Long,0.55997,179.0,0.0,9.976592,0,2026-09-10T10:01:14.817000+00:00
0xb5b3f3caf9d778b1293e5cd29f32e84b04c67a08,PONS,Open Long,0.55994,686.0,0.0,2.603361,0,2026-09-10T10:01:14.817000+00:00
0xb5b3f3caf9d778b1293e5cd29f32e84b04c67a08,PONS,Open Long,0.5599,179.0,0.0,9.977839,0,2026-09-10T10:01:14.817000+00:00
0xb5b3f3caf9d778b1293e5cd29f32e84b04c67a08,PONS,Open Long,0.55988,686.0,0.0,2.60364,0,2026-09-10T10:01:14.817000+00:00
0xb5b3f3caf9d778b1293e5cd29f32e84b04c67a08,PONS,Open Long,0.55985,536.0,0.0,3.332449,0,2026-09-10T10:01:14.817000+00:00
0xb5b3f3caf9d778b1293e5cd29f32e84b04c67a08,PONS,Open Long,0.55984,267.0,0.0,6.68998,0,2026-09-10T10:01:14.817000+00:00
0xb5b3f3caf9d778b1293e5cd29f32e84b04c67a08,PONS,Open Long,0.5598,686.0,0.0,2.604012,0,2026-09-10T10:01:14.817000+00:00
0xb5b3f3caf9d778b1293e5cd29f32e84b04c67a08,PONS,Open Long,0.55974,686.0,0.0,2.604291,0,2026-09-10T10:01:14.817000+00:00
0xb5b3f3caf9d778b1293e5cd29f32e84b04c67a08,PONS,Open Long,0.5597,686.0,0.0,2.604477,0,2026-09-10T10:01:14.817000+00:00
0xb5b3f3caf9d778b1293e5cd29f32e84b04c67a08,PONS,Open Long,0.55964,686.0,0.0,2.604757,0,2026-09-10T10:01:14.817000+00:00
0xb5b3f3caf9d778b1293e5cd29f32e84b04c67a08,PONS,Open Long,0.5596,536.0,0.0,3.333938,0,2026-09-10T10:01:14.817000+00:00
0xb5b3f3caf9d778b1293e5cd29f32e84b04c67a08,PONS,Open Long,0.55958,686.0,0.0,2.605036,0,2026-09-10T10:01:14.817000+00:00
0xb5b3f3caf9d778b1293e5cd29f32e84b04c67a08,PONS,Open Long,0.55952,268.0,0.0,6.668829,0,2026-09-10T10:01:14.817000+00:00
0xb5b3f3caf9d778b1293e5cd29f32e84b04c67a08,PONS,Open Long,0.55936,268.0,0.0,6.670737,0,2026-09-10T10:01:14.817000+00:00
0xb5b3f3caf9d778b1293e5cd29f32e84b04c67a08,PONS,Open Long,0.55927,39.0,0.0,45.847311,0,2026-09-10T10:01:14.817000+00:00
0xb5b3f3caf9d778b1293e5cd29f32e84b04c67a08,PONS,Open Long,0.555,19856.0,0.0,0.090743,0,2026-09-10T10:00:35.595000+00:00
0xb5b3f3caf9d778b1293e5cd29f32e84b04c67a08,PONS,Open Long,0.555,1796.0,0.0,1.00323,0,2026-09-10T10:00:15.919000+00:00
0xb5b3f3caf9d778b1293e5cd29f32e84b04c67a08,PONS,Open Long,0.555,3202.0,0.0,0.562711,0,2026-09-10T10:00:15.148000+00:00
0xb5b3f3caf9d778b1293e5cd29f32e84b04c67a08,PONS,Open Long,0.555,1820.0,0.0,0.990001,0,2026-09-10T10:00:14.475000+00:00
0xb5b3f3caf9d778b1293e5cd29f32e84b04c67a08,PONS,Open Long,0.555,1175.0,0.0,1.533448,0,2026-09-10T10:00:13.791000+00:00
0xb5b3f3caf9d778b1293e5cd29f32e84b04c67a08,PONS,Open Long,0.555,2982.0,0.0,0.604226,0,2026-09-10T10:00:13.156000+00:00
0xb5b3f3caf9d778b1293e5cd29f32e84b04c67a08,PONS,Open Long,0.555,339.0,0.0,5.31505,0,2026-09-10T10:00:12.955000+00:00
0xb5b3f3caf9d778b1293e5cd29f32e84b04c67a08,PONS,Open Long,0.555,3604.0,0.0,0.499945,0,2026-09-10T10:00:12.475000+00:00
0xb5b3f3caf9d778b1293e5cd29f32e84b04c67a08,PONS,Open Long,0.555,3567.0,0.0,0.505131,0,2026-09-10T10:00:11.362000+00:00
0xb5b3f3caf9d778b1293e5cd29f32e84b04c67a08,PONS,Open Long,0.555,80.0,0.0,22.522523,0,2026-09-10T10:00:11.031000+00:00
0xb5b3f3caf9d778b1293e5cd29f32e84b04c67a08,PONS,Open Long,0.555,3604.0,0.0,0.499945,0,2026-09-10T10:00:09.344000+00:00
0xb5b3f3caf9d778b1293e5cd29f32e84b04c67a08,PONS,Open Long,0.555,90.0,0.0,20.02002,0,2026-09-10T10:00:09.283000+00:00
0xb5b3f3caf9d778b1293e5cd29f32e84b04c67a08,PONS,Open Long,0.555,90.0,0.0,20.02002,0,2026-09-10T10:00:09.011000+00:00
0xb5b3f3caf9d778b1293e5cd29f32e84b04c67a08,PONS,Open Long,0.555,181.0,0.0,9.954706,0,2026-09-10T10:00:08.678000+00:00
0xb5b3f3caf9d778b1293e5cd29f32e84b04c67a08,PONS,Open Long,0.555,181.0,0.0,9.954706,0,2026-09-10T10:00:08.485000+00:00
0xb5b3f3caf9d778b1293e5cd29f32e84b04c67a08,PONS,Open Long,0.555,181.0,0.0,9.954706,0,2026-09-10T10:00:08.485000+00:00
0xb5b3f3caf9d778b1293e5cd29f32e84b04c67a08,PONS,Open Long,0.555,181.0,0.0,9.954706,0,2026-09-10T10:00:08.485000+00:00
0xb5b3f3caf9d778b1293e5cd29f32e84b04c67a08,PONS,Open Long,0.555,181.0,0.0,9.954706,0,2026-09-10T10:00:08.485000+00:00
0xb5b3f3caf9d778b1293e5cd29f32e84b04c67a08,PONS,Open Long,0.555,164.0,0.0,10.986596,0,2026-09-10T10:00:08.368000+00:00
0xb5b3f3caf9d778b1293e5cd29f32e84b04c67a08,PONS,Open Long,0.555,16702.0,0.0,0.107879,0,2026-09-10T09:59:32.571000+00:00
0xb5b3f3caf9d778b1293e5cd29f32e84b04c67a08,PONS,Open Long,0.555,6566.0,0.0,0.274414,0,2026-09-10T09:59:32.571000+00:00
0xb5b3f3caf9d778b1293e5cd29f32e84b04c67a08,PONS,Open Long,0.555,6566.0,0.0,0.274414,0,2026-09-10T09:59:32.571000+00:00
0xb5b3f3caf9d778b1293e5cd29f32e84b04c67a08,PONS,Open Long,0.555,10.0,0.0,180.18018,0,2026-09-10T09:59:32.571000+00:00
0xb5b3f3caf9d778b1293e5cd29f32e84b04c67a08,PONS,Open Long,0.555,8311.0,0.0,0.216797,0,2026-09-10T09:59:32.571000+00:00
0xb5b3f3caf9d778b1293e5cd29f32e84b04c67a08,PONS,Open Long,0.555,202.0,0.0,8.919811,0,2026-09-10T09:59:32.571000+00:00
0xb5b3f3caf9d778b1293e5cd29f32e84b04c67a08,PONS,Open Long,0.555,18027.0,0.0,0.09995,0,2026-09-10T09:59:32.571000+00:00
0xb5b3f3caf9d778b1293e5cd29f32e84b04c67a08,PONS,Open Long,0.555,1000.0,0.0,1.801802,0,2026-09-10T09:59:32.571000+00:00
0xb5b3f3caf9d778b1293e5cd29f32e84b04c67a08,PONS,Open Long,0.555,1000.0,0.0,1.801802,0,2026-09-10T09:59:32.571000+00:00
0xb5b3f3caf9d778b1293e5cd29f32e84b04c67a08,PONS,Open Long,0.555,500.0,0.0,3.603604,0,2026-09-10T09:59:32.571000+00:00
0xb5b3f3caf9d778b1293e5cd29f32e84b04c67a08,PONS,Open Long,0.555,1500.0,0.0,1.201201,0,2026-09-10T09:59:32.571000+00:00
0xb5b3f3caf9d778b1293e5cd29f32e84b04c67a08,PONS,Open Long,0.555,1802.0,0.0,0.99989,0,2026-09-10T09:59:32.571000+00:00
0xb5b3f3caf9d778b1293e5cd29f32e84b04c67a08,PONS,Open Long,0.555,1155.0,0.0,1.560002,0,2026-09-10T09:59:32.571000+00:00
0xb5b3f3caf9d778b1293e5cd29f32e84b04c67a08,PONS,Open Long,0.555,6175.0,0.0,0.29179,0,2026-09-10T09:59:32.494000+00:00
0xb5b3f3caf9d778b1293e5cd29f32e84b04c67a08,PONS,Open Long,0.555,6175.0,0.0,0.29179,0,2026-09-10T09:59:32.494000+00:00
0xb5b3f3caf9d778b1293e5cd29f32e84b04c67a08,PONS,Open Long,0.555,672.0,0.0,2.681253,0,2026-09-10T09:59:32.494000+00:00
0xb5b3f3caf9d778b1293e5cd29f32e84b04c67a08,PONS,Open Long,0.555,1759.0,0.0,1.024333,0,2026-09-10T09:59:32.494000+00:00
0xb5b3f3caf9d778b1293e5cd29f32e84b04c67a08,PONS,Open Long,0.555,18027.0,0.0,0.09995,0,2026-09-10T09:59:32.494000+00:00
0xb5b3f3caf9d778b1293e5cd29f32e84b04c67a08,PONS,Open Long,0.555,18027.0,0.0,0.09995,0,2026-09-10T09:59:32.494000+00:00
0xb5b3f3caf9d778b1293e5cd29f32e84b04c67a08,PONS,Open Long,0.555,6175.0,0.0,0.29179,0,2026-09-10T09:59:32.425000+00:00
0xb5b3f3caf9d778b1293e5cd29f32e84b04c67a08,PONS,Open Long,0.555,500.0,0.0,3.603604,0,2026-09-10T09:59:32.425000+00:00
0xb5b3f3caf9d778b1293e5cd29f32e84b04c67a08,PONS,Open Long,0.555,500.0,0.0,3.603604,0,2026-09-10T09:59:32.425000+00:00
0xb5b3f3caf9d778b1293e5cd29f32e84b04c67a08,PONS,Open Long,0.555,500.0,0.0,3.603604,0,2026-09-10T09:59:32.425000+00:00
0xb5b3f3caf9d778b1293e5cd29f32e84b04c67a08,PONS,Open Long,0.555,500.0,0.0,3.603604,0,2026-09-10T09:59:32.425000+00:00
0xb5b3f3caf9d778b1293e5cd29f32e84b04c67a08,PONS,Open Long,0.555,2000.0,0.0,0.900901,0,2026-09-10T09:59:32.425000+00:00
0xb5b3f3caf9d778b1293e5cd29f32e84b04c67a08,PONS,Open Long,0.555,500.0,0.0,3.603604,0,2026-09-10T09:59:32.425000+00:00
0xb5b3f3caf9d778b1293e5cd29f32e84b04c67a08,PONS,Open Long,0.555,2000.0,0.0,0.900901,0,2026-09-10T09:59:32.425000+00:00
0xb5b3f3caf9d778b1293e5cd29f32e84b04c67a08,PONS,Open Long,0.555,500.0,0.0,3.603604,0,2026-09-10T09:59:32.425000+00:00
0xb5b3f3caf9d778b1293e5cd29f32e84b04c67a08,PONS,Open Long,0.555,500.0,0.0,3.603604,0,2026-09-10T09:59:32.425000+00:00
0xb5b3f3caf9d778b1293e5cd29f32e84b04c67a08,PONS,Open Long,0.555,901.0,0.0,1.99978,0,2026-09-10T09:59:32.425000+00:00
0xb5b3f3caf9d778b1293e5cd29f32e84b04c67a08,PONS,Open Long,0.555,3685.0,0.0,0.488956,0,2026-09-10T09:59:32.425000+00:00
0xb5b3f3caf9d778b1293e5cd29f32e84b04c67a08,PONS,Open Long,0.555,901.0,0.0,1.99978,0,2026-09-10T09:59:32.425000+00:00
0xb5b3f3caf9d778b1293e5cd29f32e84b04c67a08,PONS,Open Long,0.555,969.0,0.0,1.859445,0,2026-09-10T09:59:32.425000+00:00
0xb5b3f3caf9d778b1293e5cd29f32e84b04c67a08,PONS,Open Long,0.555,500.0,0.0,3.603604,0,2026-09-10T09:59:32.425000+00:00
0xb5b3f3caf9d778b1293e5cd29f32e84b04c67a08,PONS,Open Long,0.555,7801.0,0.0,0.230971,0,2026-09-10T09:59:32.425000+00:00
0xb5b3f3caf9d778b1293e5cd29f32e84b04c67a08,PONS,Open Long,0.555,5590.0,0.0,0.322326,0,2026-09-10T09:59:32.368000+00:00
0xb5b3f3caf9d778b1293e5cd29f32e84b04c67a08,PONS,Open Long,0.555,6175.0,0.0,0.29179,0,2026-09-10T09:59:32.368000+00:00
0xb5b3f3caf9d778b1293e5cd29f32e84b04c67a08,PONS,Open Long,0.555,1715.0,0.0,1.050613,0,2026-09-10T09:59:32.368000+00:00
0xb5b3f3caf9d778b1293e5cd29f32e84b04c67a08,PONS,Open Long,0.555,1079.0,0.0,1.669881,0,2026-09-10T09:59:32.368000+00:00
0xb5b3f3caf9d778b1293e5cd29f32e84b04c67a08,PONS,Open Long,0.555,18026.0,0.0,0.099956,0,2026-09-10T09:59:32.368000+00:00
0xb5b3f3caf9d778b1293e5cd29f32e84b04c67a08,PONS,Open Long,0.555,18026.0,0.0,0.099956,0,2026-09-10T09:59:32.368000+00:00
0xb5b3f3caf9d778b1293e5cd29f32e84b04c67a08,PONS,Open Long,0.555,1759.0,0.0,1.024333,0,2026-09-10T09:59:32.368000+00:00
0xb5b3f3caf9d778b1293e5cd29f32e84b04c67a08,PONS,Open Long,0.555,18026.0,0.0,0.099956,0,2026-09-10T09:59:32.368000+00:00
0xb5b3f3caf9d778b1293e5cd29f32e84b04c67a08,PONS,Open Long,0.555,181.0,0.0,9.954706,0,2026-09-10T09:59:32.368000+00:00
0xb5b3f3caf9d778b1293e5cd29f32e84b04c67a08,PONS,Open Long,0.555,11930.0,0.0,0.151031,0,2026-09-10T09:59:32.368000+00:00
0xb5b3f3caf9d778b1293e5cd29f32e84b04c67a08,PONS,Open Long,0.555,500.0,0.0,3.603604,0,2026-09-10T09:59:32.368000+00:00
0xb5b3f3caf9d778b1293e5cd29f32e84b04c67a08,PONS,Open Long,0.555,440.0,0.0,4.095004,0,2026-09-10T09:59:32.368000+00:00
0xb5b3f3caf9d778b1293e5cd29f32e84b04c67a08,PONS,Open Long,0.555,302.0,0.0,5.966231,0,2026-09-10T09:59:32.368000+00:00
0xb5b3f3caf9d778b1293e5cd29f32e84b04c67a08,PONS,Open Long,0.555,500.0,0.0,3.603604,0,2026-09-10T09:59:32.368000+00:00
0xb5b3f3caf9d778b1293e5cd29f32e84b04c67a08,PONS,Open Long,0.555,792.0,0.0,2.275002,0,2026-09-10T09:59:32.368000+00:00
0xb5b3f3caf9d778b1293e5cd29f32e84b04c67a08,PONS,Open Long,0.555,3609.0,0.0,0.499252,0,2026-09-10T09:59:32.368000+00:00
0xb5b3f3caf9d778b1293e5cd29f32e84b04c67a08,PONS,Open Long,0.555,90.0,0.0,20.02002,0,2026-09-10T09:59:32.368000+00:00
0xb5b3f3caf9d778b1293e5cd29f32e84b04c67a08,PONS,Open Long,0.555,4407.0,0.0,0.40885,0,2026-09-10T09:59:32.368000+00:00
0xb5b3f3caf9d778b1293e5cd29f32e84b04c67a08,PONS,Open Long,0.555,1715.0,0.0,1.050613,0,2026-09-10T09:59:32.368000+00:00
0xb5b3f3caf9d778b1293e5cd29f32e84b04c67a08,PONS,Open Long,0.555,1079.0,0.0,1.669881,0,2026-09-10T09:59:32.368000+00:00
0xb5b3f3caf9d778b1293e5cd29f32e84b04c67a08,PONS,Open Long,0.555,5590.0,0.0,0.322326,0,2026-09-10T09:59:32.368000+00:00
0xb5b3f3caf9d778b1293e5cd29f32e84b04c67a08,PONS,Open Long,0.555,1801.0,0.0,1.000445,0,2026-09-10T09:59:32.368000+00:00
0xb5b3f3caf9d778b1293e5cd29f32e84b04c67a08,PONS,Open Long,0.555,1759.0,0.0,1.024333,0,2026-09-10T09:59:32.290000+00:00
0xb5b3f3caf9d778b1293e5cd29f32e84b04c67a08,PONS,Open Long,0.555,18026.0,0.0,0.099956,0,2026-09-10T09:59:32.290000+00:00
0xb5b3f3caf9d778b1293e5cd29f32e84b04c67a08,PONS,Open Long,0.555,18026.0,0.0,0.099956,0,2026-09-10T09:59:32.290000+00:00
0xb5b3f3caf9d778b1293e5cd29f32e84b04c67a08,PONS,Open Long,0.555,181.0,0.0,9.954706,0,2026-09-10T09:59:32.290000+00:00
0xb5b3f3caf9d778b1293e5cd29f32e84b04c67a08,PONS,Open Long,0.555,181.0,0.0,9.954706,0,2026-09-10T09:59:32.290000+00:00
0xb5b3f3caf9d778b1293e5cd29f32e84b04c67a08,PONS,Open Long,0.555,181.0,0.0,9.954706,0,2026-09-10T09:59:32.290000+00:00
0xb5b3f3caf9d778b1293e5cd29f32e84b04c67a08,PONS,Open Long,0.555,181.0,0.0,9.954706,0,2026-09-10T09:59:32.290000+00:00
0xb5b3f3caf9d778b1293e5cd29f32e84b04c67a08,PONS,Open Long,0.555,181.0,0.0,9.954706,0,2026-09-10T09:59:32.290000+00:00
0xb5b3f3caf9d778b1293e5cd29f32e84b04c67a08,PONS,Open Long,0.555,181.0,0.0,9.954706,0,2026-09-10T09:59:32.290000+00:00
0xb5b3f3caf9d778b1293e5cd29f32e84b04c67a08,PONS,Open Long,0.555,181.0,0.0,9.954706,0,2026-09-10T09:59:32.290000+00:00
0xb5b3f3caf9d778b1293e5cd29f32e84b04c67a08,PONS,Open Long,0.555,181.0,0.0,9.954706,0,2026-09-10T09:59:32.290000+00:00
0xb5b3f3caf9d778b1293e5cd29f32e84b04c67a08,PONS,Open Long,0.555,181.0,0.0,9.954706,0,2026-09-10T09:59:32.290000+00:00
0xb5b3f3caf9d778b1293e5cd29f32e84b04c67a08,PONS,Open Long,0.555,181.0,0.0,9.954706,0,2026-09-10T09:59:32.290000+00:00
0xb5b3f3caf9d778b1293e5cd29f32e84b04c67a08,PONS,Open Long,0.555,181.0,0.0,9.954706,0,2026-09-10T09:59:32.290000+00:00
0xb5b3f3caf9d778b1293e5cd29f32e84b04c67a08,PONS,Open Long,0.555,181.0,0.0,9.954706,0,2026-09-10T09:59:32.290000+00:00
0xb5b3f3caf9d778b1293e5cd29f32e84b04c67a08,PONS,Open Long,0.555,181.0,0.0,9.954706,0,2026-09-10T09:59:32.290000+00:00
0xb5b3f3caf9d778b1293e5cd29f32e84b04c67a08,PONS,Open Long,0.555,181.0,0.0,9.954706,0,2026-09-10T09:59:32.290000+00:00
0xb5b3f3caf9d778b1293e5cd29f32e84b04c67a08,PONS,Open Long,0.555,181.0,0.0,9.954706,0,2026-09-10T09:59:32.290000+00:00
0xb5b3f3caf9d778b1293e5cd29f32e84b04c67a08,PONS,Open Long,0.555,181.0,0.0,9.954706,0,2026-09-10T09:59:32.290000+00:00
0xb5b3f3caf9d778b1293e5cd29f32e84b04c67a08,PONS,Open Long,0.555,181.0,0.0,9.954706,0,2026-09-10T09:59:32.290000+00:00
0xb5b3f3caf9d778b1293e5cd29f32e84b04c67a08,PONS,Open Long,0.555,181.0,0.0,9.954706,0,2026-09-10T09:59:32.290000+00:00
0xb5b3f3caf9d778b1293e5cd29f32e84b04c67a08,PONS,Open Long,0.555,181.0,0.0,9.954706,0,2026-09-10T09:59:32.290000+00:00
0xb5b3f3caf9d778b1293e5cd29f32e84b04c67a08,PONS,Open Long,0.555,181.0,0.0,9.954706,0,2026-09-10T09:59:32.290000+00:00
0xb5b3f3caf9d778b1293e5cd29f32e84b04c67a08,PONS,Open Long,0.555,11050.0,0.0,0.163059,0,2026-09-10T09:59:32.290000+00:00
0xb5b3f3caf9d778b1293e5cd29f32e84b04c67a08,PONS,Open Long,0.555,18026.0,0.0,0.099956,0,2026-09-10T09:59:32.224000+00:00
0xb5b3f3caf9d778b1293e5cd29f32e84b04c67a08,PONS,Open Long,0.555,1801.0,0.0,1.000445,0,2026-09-10T09:59:32.224000+00:00
0xb5b3f3caf9d778b1293e5cd29f32e84b04c67a08,PONS,Open Long,0.555,1801.0,0.0,1.000445,0,2026-09-10T09:59:32.109000+00:00
0xb5b3f3caf9d778b1293e5cd29f32e84b04c67a08,PONS,Open Long,0.555,1801.0,0.0,1.000445,0,2026-09-10T09:59:32.109000+00:00
0xb5b3f3caf9d778b1293e5cd29f32e84b04c67a08,PONS,Open Long,0.555,1801.0,0.0,1.000445,0,2026-09-10T09:59:32.109000+00:00
0xb5b3f3caf9d778b1293e5cd29f32e84b04c67a08,PONS,Open Long,0.555,1801.0,0.0,1.000445,0,2026-09-10T09:59:32.109000+00:00
0xb5b3f3caf9d778b1293e5cd29f32e84b04c67a08,PONS,Open Long,0.555,1000.0,0.0,1.801802,0,2026-09-10T09:59:32.109000+00:00
0xb5b3f3caf9d778b1293e5cd29f32e84b04c67a08,PONS,Open Long,0.555,1017.0,0.0,1.771683,0,2026-09-10T09:59:32.109000+00:00
0xb5b3f3caf9d778b1293e5cd29f32e84b04c67a08,PONS,Open Long,0.555,983.0,0.0,1.832962,0,2026-09-10T09:59:32.109000+00:00
0xb5b3f3caf9d778b1293e5cd29f32e84b04c67a08,PONS,Open Long,0.555,90.0,0.0,20.02002,0,2026-09-10T09:59:32.025000+00:00
0xb5b3f3caf9d778b1293e5cd29f32e84b04c67a08,PONS,Open Long,0.555,1801.0,0.0,1.000445,0,2026-09-10T09:59:31.906000+00:00
0xb5b3f3caf9d778b1293e5cd29f32e84b04c67a08,PONS,Open Long,0.555,291.0,0.0,6.191759,0,2026-09-10T09:59:31.709000+00:00
0xb5b3f3caf9d778b1293e5cd29f32e84b04c67a08,PONS,Open Long,0.555,90.0,0.0,20.02002,0,2026-09-10T09:59:31.644000+00:00
0xb5b3f3caf9d778b1293e5cd29f32e84b04c67a08,PONS,Open Long,0.555,3613.0,0.0,0.4987,0,2026-09-10T09:59:31.644000+00:00
0xb5b3f3caf9d778b1293e5cd29f32e84b04c67a08,PONS,Open Long,0.555,989.0,0.0,1.821842,0,2026-09-10T09:59:31.644000+00:00
0xb5b3f3caf9d778b1293e5cd29f32e84b04c67a08,PONS,Open Long,0.555,137.0,0.0,13.151838,0,2026-09-10T09:59:31.510000+00:00
0xb5b3f3caf9d778b1293e5cd29f32e84b04c67a08,PONS,Open Long,0.555,813.0,0.0,2.216238,0,2026-09-10T09:59:31.444000+00:00
0xb5b3f3caf9d778b1293e5cd29f32e84b04c67a08,PONS,Open Long,0.555,90.0,0.0,20.02002,0,2026-09-10T09:59:31.308000+00:00
0xb5b3f3caf9d778b1293e5cd29f32e84b04c67a08,PONS,Open Long,0.555,90.0,0.0,20.02002,0,2026-09-10T09:59:31.041000+00:00
0xb5b3f3caf9d778b1293e5cd29f32e84b04c67a08,PONS,Open Long,0.555,3613.0,0.0,0.4987,0,2026-09-10T09:59:31.041000+00:00
0xb5b3f3caf9d778b1293e5cd29f32e84b04c67a08,PONS,Open Long,0.555,90.0,0.0,20.02002,0,2026-09-10T09:59:30.704000+00:00
0xb5b3f3caf9d778b1293e5cd29f32e84b04c67a08,PONS,Open Long,0.555,327.0,0.0,5.510097,0,2026-09-10T09:59:30.704000+00:00
0xb5b3f3caf9d778b1293e5cd29f32e84b04c67a08,PONS,Open Long,0.555,1019.0,0.0,1.768206,0,2026-09-10T09:59:30.704000+00:00
0xb5b3f3caf9d778b1293e5cd29f32e84b04c67a08,PONS,Open Long,0.555,160.0,0.0,11.261261,0,2026-09-10T09:59:30.704000+00:00
0xb5b3f3caf9d778b1293e5cd29f32e84b04c67a08,PONS,Open Long,0.555,181.0,0.0,9.954706,0,2026-09-10T09:59:30.640000+00:00
0xb5b3f3caf9d778b1293e5cd29f32e84b04c67a08,PONS,Open Long,0.555,181.0,0.0,9.954706,0,2026-09-10T09:59:30.640000+00:00
0xb5b3f3caf9d778b1293e5cd29f32e84b04c67a08,PONS,Open Long,0.555,181.0,0.0,9.954706,0,2026-09-10T09:59:30.640000+00:00
0xb5b3f3caf9d778b1293e5cd29f32e84b04c67a08,PONS,Open Long,0.555,181.0,0.0,9.954706,0,2026-09-10T09:59:30.640000+00:00
0xb5b3f3caf9d778b1293e5cd29f32e84b04c67a08,PONS,Open Long,0.555,181.0,0.0,9.954706,0,2026-09-10T09:59:30.640000+00:00
0xb5b3f3caf9d778b1293e5cd29f32e84b04c67a08,PONS,Open Long,0.555,90.0,0.0,20.02002,0,2026-09-10T09:59:30.438000+00:00
0xb5b3f3caf9d778b1293e5cd29f32e84b04c67a08,PONS,Open Long,0.555,3613.0,0.0,0.4987,0,2026-09-10T09:59:30.359000+00:00
0xb5b3f3caf9d778b1293e5cd29f32e84b04c67a08,PONS,Open Long,0.555,33.0,0.0,54.600055,0,2026-09-10T09:59:30.005000+00:00
0xb5b3f3caf9d778b1293e5cd29f32e84b04c67a08,PONS,Open Long,0.555,90.0,0.0,20.02002,0,2026-09-10T09:59:29.807000+00:00
0xb5b3f3caf9d778b1293e5cd29f32e84b04c67a08,PONS,Open Long,0.555,706.0,0.0,2.552127,0,2026-09-10T09:59:29.659000+00:00
0xb5b3f3caf9d778b1293e5cd29f32e84b04c67a08,PONS,Open Long,0.555,90.0,0.0,20.02002,0,2026-09-10T09:59:29.536000+00:00
0xb5b3f3caf9d778b1293e5cd29f32e84b04c67a08,PONS,Open Long,0.555,90.0,0.0,20.02002,0,2026-09-10T09:59:29.203000+00:00
0xb5b3f3caf9d778b1293e5cd29f32e84b04c67a08,PONS,Open Long,0.555,3613.0,0.0,0.4987,0,2026-09-10T09:59:28.999000+00:00
0xb5b3f3caf9d778b1293e5cd29f32e84b04c67a08,PONS,Open Long,0.555,249.0,0.0,7.236152,0,2026-09-10T09:59:28.866000+00:00
0xb5b3f3caf9d778b1293e5cd29f32e84b04c67a08,PONS,Open Long,0.555,90.0,0.0,20.02002,0,2026-09-10T09:59:28.866000+00:00
0xb5b3f3caf9d778b1293e5cd29f32e84b04c67a08,PONS,Open Long,0.555,830.0,0.0,2.170846,0,2026-09-10T09:59:28.866000+00:00
0xb5b3f3caf9d778b1293e5cd29f32e84b04c67a08,PONS,Open Long,0.555,500.0,0.0,3.603604,0,2026-09-10T09:59:28.800000+00:00
0xb5b3f3caf9d778b1293e5cd29f32e84b04c67a08,PONS,Open Long,0.555,193.0,0.0,9.335761,0,2026-09-10T09:59:28.800000+00:00
0xb5b3f3caf9d778b1293e5cd29f32e84b04c67a08,PONS,Open Long,0.555,169.0,0.0,10.661549,0,2026-09-10T09:59:28.800000+00:00
0xb5b3f3caf9d778b1293e5cd29f32e84b04c67a08,PONS,Open Long,0.555,649.0,0.0,2.776274,0,2026-09-10T09:59:28.800000+00:00
0xb5b3f3caf9d778b1293e5cd29f32e84b04c67a08,PONS,Open Long,0.555,1801.0,0.0,1.000445,0,2026-09-10T09:59:28.800000+00:00
0xb5b3f3caf9d778b1293e5cd29f32e84b04c67a08,PONS,Open Long,0.555,904.0,0.0,1.993144,0,2026-09-10T09:59:28.733000+00:00
0xb5b3f3caf9d778b1293e5cd29f32e84b04c67a08,PONS,Open Long,0.555,904.0,0.0,1.993144,0,2026-09-10T09:59:28.733000+00:00
0xb5b3f3caf9d778b1293e5cd29f32e84b04c67a08,PONS,Open Long,0.555,90.0,0.0,20.02002,0,2026-09-10T09:59:28.598000+00:00
0xb5b3f3caf9d778b1293e5cd29f32e84b04c67a08,PONS,Open Long,0.555,3613.0,0.0,0.4987,0,2026-09-10T09:59:28.397000+00:00
0xb5b3f3caf9d778b1293e5cd29f32e84b04c67a08,PONS,Open Long,0.555,90.0,0.0,20.02002,0,2026-09-10T09:59:28.330000+00:00
0xb5b3f3caf9d778b1293e5cd29f32e84b04c67a08,PONS,Open Long,0.555,90.0,0.0,20.02002,0,2026-09-10T09:59:27.974000+00:00
0xb5b3f3caf9d778b1293e5cd29f32e84b04c67a08,PONS,Open Long,0.555,3613.0,0.0,0.4987,0,2026-09-10T09:59:27.728000+00:00
0xb5b3f3caf9d778b1293e5cd29f32e84b04c67a08,PONS,Open Long,0.555,90.0,0.0,20.02002,0,2026-09-10T09:59:27.595000+00:00
0xb5b3f3caf9d778b1293e5cd29f32e84b04c67a08,PONS,Open Long,0.555,1072.0,0.0,1.680785,0,2026-09-10T09:59:27.528000+00:00
0xb5b3f3caf9d778b1293e5cd29f32e84b04c67a08,PONS,Open Long,0.555,141.0,0.0,12.778736,0,2026-09-10T09:59:27.528000+00:00
0xb5b3f3caf9d778b1293e5cd29f32e84b04c67a08,PONS,Open Long,0.555,1000.0,0.0,1.801802,0,2026-09-10T09:59:27.528000+00:00
0xb5b3f3caf9d778b1293e5cd29f32e84b04c67a08,PONS,Open Long,0.555,103.0,0.0,17.493221,0,2026-09-10T09:59:27.528000+00:00
0xb5b3f3caf9d778b1293e5cd29f32e84b04c67a08,PONS,Open Long,0.555,500.0,0.0,3.603604,0,2026-09-10T09:59:27.528000+00:00
0xb5b3f3caf9d778b1293e5cd29f32e84b04c67a08,PONS,Open Long,0.555,161.0,0.0,11.191316,0,2026-09-10T09:59:27.528000+00:00
0xb5b3f3caf9d778b1293e5cd29f32e84b04c67a08,PONS,Open Long,0.555,440.0,0.0,4.095004,0,2026-09-10T09:59:27.528000+00:00
0xb5b3f3caf9d778b1293e5cd29f32e84b04c67a08,PONS,Open Long,0.555,189.0,0.0,9.533343,0,2026-09-10T09:59:27.435000+00:00
0xb5b3f3caf9d778b1293e5cd29f32e84b04c67a08,PONS,Open Long,0.555,500.0,0.0,3.603604,0,2026-09-10T09:59:27.435000+00:00
0xb5b3f3caf9d778b1293e5cd29f32e84b04c67a08,PONS,Open Long,0.555,1011.0,0.0,1.782198,0,2026-09-10T09:59:27.435000+00:00
0xb5b3f3caf9d778b1293e5cd29f32e84b04c67a08,PONS,Open Long,0.555,410.0,0.0,4.394639,0,2026-09-10T09:59:27.435000+00:00
0xb5b3f3caf9d778b1293e5cd29f32e84b04c67a08,PONS,Open Long,0.555,500.0,0.0,3.603604,0,2026-09-10T09:59:27.435000+00:00
0xb5b3f3caf9d778b1293e5cd29f32e84b04c67a08,PONS,Open Long,0.555,290.0,0.0,6.21311,0,2026-09-10T09:59:27.435000+00:00
0xb5b3f3caf9d778b1293e5cd29f32e84b04c67a08,PONS,Open Long,0.555,500.0,0.0,3.603604,0,2026-09-10T09:59:27.435000+00:00
0xb5b3f3caf9d778b1293e5cd29f32e84b04c67a08,PONS,Open Long,0.555,210.0,0.0,8.580009,0,2026-09-10T09:59:27.435000+00:00
0xb5b3f3caf9d778b1293e5cd29f32e84b04c67a08,PONS,Open Long,0.555,1180.0,0.0,1.526951,0,2026-09-10T09:59:27.435000+00:00
0xb5b3f3caf9d778b1293e5cd29f32e84b04c67a08,PONS,Open Long,0.555,90.0,0.0,20.02002,0,2026-09-10T09:59:27.370000+00:00
0xb5b3f3caf9d778b1293e5cd29f32e84b04c67a08,PONS,Open Long,0.555,3613.0,0.0,0.4987,0,2026-09-10T09:59:27.117000+00:00
0xb5b3f3caf9d778b1293e5cd29f32e84b04c67a08,PONS,Open Long,0.555,90.0,0.0,20.02002,0,2026-09-10T09:59:27.117000+00:00
0xb5b3f3caf9d778b1293e5cd29f32e84b04c67a08,PONS,Open Long,0.555,90.0,0.0,20.02002,0,2026-09-10T09:59:26.713000+00:00
0xb5b3f3caf9d778b1293e5cd29f32e84b04c67a08,PONS,Open Long,0.555,360.0,0.0,5.005005,0,2026-09-10T09:59:26.713000+00:00
0xb5b3f3caf9d778b1293e5cd29f32e84b04c67a08,PONS,Open Long,0.555,3613.0,0.0,0.4987,0,2026-09-10T09:59:26.447000+00:00
0xb5b3f3caf9d778b1293e5cd29f32e84b04c67a08,PONS,Open Long,0.555,90.0,0.0,20.02002,0,2026-09-10T09:59:26.447000+00:00
0xb5b3f3caf9d778b1293e5cd29f32e84b04c67a08,PONS,Open Long,0.555,90.0,0.0,20.02002,0,2026-09-10T09:59:26.079000+00:00
0xb5b3f3caf9d778b1293e5cd29f32e84b04c67a08,PONS,Open Long,0.555,90.0,0.0,20.02002,0,2026-09-10T09:59:25.807000+00:00
0xb5b3f3caf9d778b1293e5cd29f32e84b04c67a08,PONS,Open Long,0.555,3613.0,0.0,0.4987,0,2026-09-10T09:59:25.807000+00:00
0xb5b3f3caf9d778b1293e5cd29f32e84b04c67a08,PONS,Open Long,0.555,90.0,0.0,20.02002,0,2026-09-10T09:59:25.412000+00:00
0xb5b3f3caf9d778b1293e5cd29f32e84b04c67a08,PONS,Open Long,0.555,3370.0,0.0,0.534659,0,2026-09-10T09:59:25.331000+00:00
0xb5b3f3caf9d778b1293e5cd29f32e84b04c67a08,PONS,Open Long,0.555,3613.0,0.0,0.4987,0,2026-09-10T09:59:25.141000+00:00
0xb5b3f3caf9d778b1293e5cd29f32e84b04c67a08,PONS,Open Long,0.555,90.0,0.0,20.02002,0,2026-09-10T09:59:25.036000+00:00
0xb5b3f3caf9d778b1293e5cd29f32e84b04c67a08,PONS,Open Long,0.555,90.0,0.0,20.02002,0,2026-09-10T09:59:24.684000+00:00
0xb5b3f3caf9d778b1293e5cd29f32e84b04c67a08,PONS,Open Long,0.555,3613.0,0.0,0.4987,0,2026-09-10T09:59:24.484000+00:00
0xb5b3f3caf9d778b1293e5cd29f32e84b04c67a08,PONS,Open Long,0.555,90.0,0.0,20.02002,0,2026-09-10T09:59:24.484000+00:00
0xb5b3f3caf9d778b1293e5cd29f32e84b04c67a08,PONS,Open Long,0.555,90.0,0.0,20.02002,0,2026-09-10T09:59:24.105000+00:00
0xb5b3f3caf9d778b1293e5cd29f32e84b04c67a08,PONS,Open Long,0.555,90.0,0.0,20.02002,0,2026-09-10T09:59:23.792000+00:00
0xb5b3f3caf9d778b1293e5cd29f32e84b04c67a08,PONS,Open Long,0.555,1769.0,0.0,1.018543,0,2026-09-10T09:59:23.792000+00:00
0xb5b3f3caf9d778b1293e5cd29f32e84b04c67a08,PONS,Open Long,0.555,328.0,0.0,5.493298,0,2026-09-10T09:59:23.589000+00:00
0xb5b3f3caf9d778b1293e5cd29f32e84b04c67a08,PONS,Open Long,0.555,90.0,0.0,20.02002,0,2026-09-10T09:59:23.521000+00:00
0xb5b3f3caf9d778b1293e5cd29f32e84b04c67a08,PONS,Open Long,0.555,90.0,0.0,20.02002,0,2026-09-10T09:59:23.185000+00:00
0xb5b3f3caf9d778b1293e5cd29f32e84b04c67a08,PONS,Open Long,0.555,3617.0,0.0,0.498148,0,2026-09-10T09:59:23.119000+00:00
0xb5b3f3caf9d778b1293e5cd29f32e84b04c67a08,PONS,Open Long,0.555,90.0,0.0,20.02002,0,2026-09-10T09:59:22.919000+00:00
0xb5b3f3caf9d778b1293e5cd29f32e84b04c67a08,PONS,Open Long,0.555,90.0,0.0,20.02002,0,2026-09-10T09:59:22.600000+00:00
0xb5b3f3caf9d778b1293e5cd29f32e84b04c67a08,PONS,Open Long,0.555,1436.0,0.0,1.254737,0,2026-09-10T09:59:22.469000+00:00
0xb5b3f3caf9d778b1293e5cd29f32e84b04c67a08,PONS,Open Long,0.555,2695.0,0.0,0.668572,0,2026-09-10T09:59:21.799000+00:00
0xb5b3f3caf9d778b1293e5cd29f32e84b04c67a08,PONS,Open Long,0.555,3370.0,0.0,0.534659,0,2026-09-10T09:59:21.587000+00:00
0xb5b3f3caf9d778b1293e5cd29f32e84b04c67a08,PONS,Open Long,0.555,2161.0,0.0,0.833781,0,2026-09-10T09:59:21.313000+00:00
0xb5b3f3caf9d778b1293e5cd29f32e84b04c67a08,PONS,Open Long,0.555,524.0,0.0,3.438553,0,2026-09-10T09:59:20.435000+00:00
0xb5b3f3caf9d778b1293e5cd29f32e84b04c67a08,PONS,Open Long,0.555,3617.0,0.0,0.498148,0,2026-09-10T09:59:20.435000+00:00
0xb5b3f3caf9d778b1293e5cd29f32e84b04c67a08,PONS,Open Long,0.555,33.0,0.0,54.600055,0,2026-09-10T09:59:20.227000+00:00
0xb5b3f3caf9d778b1293e5cd29f32e84b04c67a08,PONS,Open Long,0.555,90.0,0.0,20.02002,0,2026-09-10T09:59:20.227000+00:00
0xb5b3f3caf9d778b1293e5cd29f32e84b04c67a08,PONS,Open Long,0.555,2808.0,0.0,0.641667,0,2026-09-10T09:59:20.095000+00:00
0xb5b3f3caf9d778b1293e5cd29f32e84b04c67a08,PONS,Open Long,0.555,1756.0,0.0,1.026083,0,2026-09-10T09:59:20.095000+00:00
0xb5b3f3caf9d778b1293e5cd29f32e84b04c67a08,PONS,Open Long,0.555,1712.0,0.0,1.052454,0,2026-09-10T09:59:20.095000+00:00
0xb5b3f3caf9d778b1293e5cd29f32e84b04c67a08,PONS,Open Long,0.555,1356.0,0.0,1.328762,0,2026-09-10T09:59:20.026000+00:00
0xb5b3f3caf9d778b1293e5cd29f32e84b04c67a08,PONS,Open Long,0.555,288.0,0.0,6.256256,0,2026-09-10T09:59:20.026000+00:00
0xb5b3f3caf9d778b1293e5cd29f32e84b04c67a08,PONS,Open Long,0.555,2000.0,0.0,0.900901,0,2026-09-10T09:59:19.757000+00:00
0xb5b3f3caf9d778b1293e5cd29f32e84b04c67a08,PONS,Open Long,0.555,954.0,0.0,1.888681,0,2026-09-10T09:59:19.690000+00:00
0xb5b3f3caf9d778b1293e5cd29f32e84b04c67a08,PONS,Open Long,0.555,1647.0,0.0,1.09399,0,2026-09-10T09:59:19.065000+00:00
0xb5b3f3caf9d778b1293e5cd29f32e84b04c67a08,PONS,Open Long,0.555,2042.0,0.0,0.882371,0,2026-09-10T09:59:18.463000+00:00
0xb5b3f3caf9d778b1293e5cd29f32e84b04c67a08,PONS,Open Long,0.555,4000.0,0.0,0.45045,0,2026-09-10T09:59:18.463000+00:00
0xb5b3f3caf9d778b1293e5cd29f32e84b04c67a08,PONS,Open Long,0.555,90.0,0.0,20.02002,0,2026-09-10T09:59:18.058000+00:00
0xb5b3f3caf9d778b1293e5cd29f32e84b04c67a08,PONS,Open Long,0.555,618.0,0.0,2.915537,0,2026-09-10T09:59:17.990000+00:00
0xb5b3f3caf9d778b1293e5cd29f32e84b04c67a08,PONS,Open Long,0.555,3617.0,0.0,0.498148,0,2026-09-10T09:59:17.855000+00:00
0xb5b3f3caf9d778b1293e5cd29f32e84b04c67a08,PONS,Open Long,0.555,90.0,0.0,20.02002,0,2026-09-10T09:59:17.655000+00:00
0xb5b3f3caf9d778b1293e5cd29f32e84b04c67a08,PONS,Open Long,0.555,25.0,0.0,72.072072,0,2026-09-10T09:59:17.386000+00:00
0xb5b3f3caf9d778b1293e5cd29f32e84b04c67a08,PONS,Open Long,0.555,90.0,0.0,20.02002,0,2026-09-10T09:59:17.386000+00:00
0xb5b3f3caf9d778b1293e5cd29f32e84b04c67a08,PONS,Open Long,0.555,1498.0,0.0,1.202805,0,2026-09-10T09:59:17.249000+00:00
0xb5b3f3caf9d778b1293e5cd29f32e84b04c67a08,PONS,Open Long,0.555,896.0,0.0,2.01094,0,2026-09-10T09:59:17.249000+00:00
0xb5b3f3caf9d778b1293e5cd29f32e84b04c67a08,PONS,Open Long,0.555,286.0,0.0,6.300006,0,2026-09-10T09:59:17.182000+00:00
0xb5b3f3caf9d778b1293e5cd29f32e84b04c67a08,PONS,Open Long,0.555,90.0,0.0,20.02002,0,2026-09-10T09:59:16.843000+00:00
0xb5b3f3caf9d778b1293e5cd29f32e84b04c67a08,PONS,Open Long,0.555,150.0,0.0,12.012012,0,2026-09-10T09:59:16.843000+00:00
0xb5b3f3caf9d778b1293e5cd29f32e84b04c67a08,PONS,Open Long,0.555,154.0,0.0,11.700012,0,2026-09-10T09:59:16.777000+00:00
0xb5b3f3caf9d778b1293e5cd29f32e84b04c67a08,PONS,Open Long,0.55497,26.0,0.0,69.303815,0,2026-09-10T09:59:16.642000+00:00
0xb5b3f3caf9d778b1293e5cd29f32e84b04c67a08,PONS,Open Long,0.55496,969.0,0.0,1.859579,0,2026-09-10T09:59:16.642000+00:00
0xb5b3f3caf9d778b1293e5cd29f32e84b04c67a08,PONS,Open Long,0.55495,181.0,0.0,9.955603,0,2026-09-10T09:59:16.642000+00:00
0xb5b3f3caf9d778b1293e5cd29f32e84b04c67a08,PONS,Open Long,0.55494,704.0,0.0,2.559654,0,2026-09-10T09:59:16.642000+00:00
0xb5b3f3caf9d778b1293e5cd29f32e84b04c67a08,PONS,Open Long,0.55493,3468.0,0.0,0.519616,0,2026-09-10T09:59:16.642000+00:00
0xb5b3f3caf9d778b1293e5cd29f32e84b04c67a08,PONS,Open Long,0.55493,898.0,0.0,2.006714,0,2026-09-10T09:59:16.642000+00:00
0xb5b3f3caf9d778b1293e5cd29f32e84b04c67a08,PONS,Open Long,0.55467,190.0,0.0,9.488809,0,2026-09-10T09:59:16.642000+00:00
0xb5b3f3caf9d778b1293e5cd29f32e84b04c67a08,PONS,Open Long,0.55467,1795.0,0.0,1.004387,0,2026-09-10T09:59:16.642000+00:00
0xb5b3f3caf9d778b1293e5cd29f32e84b04c67a08,PONS,Open Long,0.55467,180.0,0.0,10.015965,0,2026-09-10T09:59:16.642000+00:00
0xb5b3f3caf9d778b1293e5cd29f32e84b04c67a08,PONS,Open Long,0.55466,1795.0,0.0,1.004405,0,2026-09-10T09:59:16.642000+00:00
0xb5b3f3caf9d778b1293e5cd29f32e84b04c67a08,PONS,Open Long,0.545,153936.0,0.0,0.01192,0,2026-09-10T09:58:18.411000+00:00
0xb5b3f3caf9d778b1293e5cd29f32e84b04c67a08,PONS,Open Long,0.545,1000.0,0.0,1.834862,0,2026-09-10T09:58:18.328000+00:00
0xb5b3f3caf9d778b1293e5cd29f32e84b04c67a08,PONS,Open Long,0.545,91.0,0.0,20.163323,0,2026-09-10T09:58:18.328000+00:00
0xb5b3f3caf9d778b1293e5cd29f32e84b04c67a08,PONS,Open Long,0.545,3667.0,0.0,0.500372,0,2026-09-10T09:58:18.262000+00:00
0xb5b3f3caf9d778b1293e5cd29f32e84b04c67a08,PONS,Open Long,0.545,2573.0,0.0,0.713122,0,2026-09-10T09:58:18.197000+00:00
0xb5b3f3caf9d778b1293e5cd29f32e84b04c67a08,PONS,Open Long,0.545,440.0,0.0,4.170142,0,2026-09-10T09:58:18.197000+00:00
0xb5b3f3caf9d778b1293e5cd29f32e84b04c67a08,PONS,Open Long,0.545,859.0,0.0,2.136045,0,2026-09-10T09:58:18.127000+00:00
0xb5b3f3caf9d778b1293e5cd29f32e84b04c67a08,PONS,Open Long,0.545,91.0,0.0,20.163323,0,2026-09-10T09:58:17.926000+00:00
0xb5b3f3caf9d778b1293e5cd29f32e84b04c67a08,PONS,Open Long,0.545,36.0,0.0,50.9684,0,2026-09-10T09:58:17.862000+00:00
0xb5b3f3caf9d778b1293e5cd29f32e84b04c67a08,PONS,Open Long,0.545,1199.0,0.0,1.530327,0,2026-09-10T09:58:17.727000+00:00
0xb5b3f3caf9d778b1293e5cd29f32e84b04c67a08,PONS,Open Long,0.545,91.0,0.0,20.163323,0,2026-09-10T09:58:17.659000+00:00
0xb5b3f3caf9d778b1293e5cd29f32e84b04c67a08,PONS,Open Long,0.545,36.0,0.0,50.9684,0,2026-09-10T09:58:17.659000+00:00
0xb5b3f3caf9d778b1293e5cd29f32e84b04c67a08,PONS,Open Long,0.545,3667.0,0.0,0.500372,0,2026-09-10T09:58:17.592000+00:00
0xb5b3f3caf9d778b1293e5cd29f32e84b04c67a08,PONS,Open Long,0.545,367.0,0.0,4.999625,0,2026-09-10T09:58:17.525000+00:00
0xb5b3f3caf9d778b1293e5cd29f32e84b04c67a08,PONS,Open Long,0.545,1835.0,0.0,0.999925,0,2026-09-10T09:58:17.525000+00:00
0xb5b3f3caf9d778b1293e5cd29f32e84b04c67a08,PONS,Open Long,0.545,1907.0,0.0,0.962172,0,2026-09-10T09:58:17.525000+00:00
0xb5b3f3caf9d778b1293e5cd29f32e84b04c67a08,PONS,Open Long,0.545,36.0,0.0,50.9684,0,2026-09-10T09:58:17.437000+00:00
0xb5b3f3caf9d778b1293e5cd29f32e84b04c67a08,PONS,Open Long,0.545,1789.0,0.0,1.025636,0,2026-09-10T09:58:17.357000+00:00
0xb5b3f3caf9d778b1293e5cd29f32e84b04c67a08,PONS,Open Long,0.545,1837.0,0.0,0.998836,0,2026-09-10T09:58:17.295000+00:00
0xb5b3f3caf9d778b1293e5cd29f32e84b04c67a08,PONS,Open Long,0.545,1834.0,0.0,1.00047,0,2026-09-10T09:58:17.295000+00:00
0xb5b3f3caf9d778b1293e5cd29f32e84b04c67a08,PONS,Open Long,0.545,38168.0,0.0,0.048073,0,2026-09-10T09:58:17.295000+00:00
0xb5b3f3caf9d778b1293e5cd29f32e84b04c67a08,PONS,Open Long,0.545,4570.0,0.0,0.401502,0,2026-09-10T09:58:17.295000+00:00
0xb5b3f3caf9d778b1293e5cd29f32e84b04c67a08,PONS,Open Long,0.545,4570.0,0.0,0.401502,0,2026-09-10T09:58:17.295000+00:00
0xb5b3f3caf9d778b1293e5cd29f32e84b04c67a08,PONS,Open Long,0.545,36.0,0.0,50.9684,0,2026-09-10T09:58:17.169000+00:00
0xb5b3f3caf9d778b1293e5cd29f32e84b04c67a08,PONS,Open Long,0.545,38167.0,0.0,0.048075,0,2026-09-10T09:58:17.169000+00:00
0xb5b3f3caf9d778b1293e5cd29f32e84b04c67a08,PONS,Open Long,0.545,30376.0,0.0,0.060405,0,2026-09-10T09:58:17.169000+00:00
0xb5b3f3caf9d778b1293e5cd29f32e84b04c67a08,PONS,Open Long,0.545,4570.0,0.0,0.401502,0,2026-09-10T09:58:17.169000+00:00
0xb5b3f3caf9d778b1293e5cd29f32e84b04c67a08,PONS,Open Long,0.545,4570.0,0.0,0.401502,0,2026-09-10T09:58:17.169000+00:00
0xb5b3f3caf9d778b1293e5cd29f32e84b04c67a08,PONS,Open Long,0.545,500.0,0.0,3.669725,0,2026-09-10T09:58:17.169000+00:00
0xb5b3f3caf9d778b1293e5cd29f32e84b04c67a08,PONS,Open Long,0.545,2000.0,0.0,0.917431,0,2026-09-10T09:58:17.169000+00:00
0xb5b3f3caf9d778b1293e5cd29f32e84b04c67a08,PONS,Open Long,0.545,1000.0,0.0,1.834862,0,2026-09-10T09:58:17.169000+00:00
0xb5b3f3caf9d778b1293e5cd29f32e84b04c67a08,PONS,Open Long,0.545,2500.0,0.0,0.733945,0,2026-09-10T09:58:17.169000+00:00
0xb5b3f3caf9d778b1293e5cd29f32e84b04c67a08,PONS,Open Long,0.545,1500.0,0.0,1.223242,0,2026-09-10T09:58:17.169000+00:00
0xb5b3f3caf9d778b1293e5cd29f32e84b04c67a08,PONS,Open Long,0.545,4000.0,0.0,0.458716,0,2026-09-10T09:58:17.169000+00:00
0xb5b3f3caf9d778b1293e5cd29f32e84b04c67a08,PONS,Open Long,0.545,91.0,0.0,20.163323,0,2026-09-10T09:58:17.169000+00:00
0xb5b3f3caf9d778b1293e5cd29f32e84b04c67a08,PONS,Open Long,0.545,3742.0,0.0,0.490343,0,2026-09-10T09:58:17.169000+00:00
0xb5b3f3caf9d778b1293e5cd29f32e84b04c67a08,PONS,Open Long,0.545,500.0,0.0,3.669725,0,2026-09-10T09:58:17.169000+00:00
0xb5b3f3caf9d778b1293e5cd29f32e84b04c67a08,PONS,Open Long,0.545,1500.0,0.0,1.223242,0,2026-09-10T09:58:17.169000+00:00
0xb5b3f3caf9d778b1293e5cd29f32e84b04c67a08,PONS,Open Long,0.545,1835.0,0.0,0.999925,0,2026-09-10T09:58:17.169000+00:00
0xb5b3f3caf9d778b1293e5cd29f32e84b04c67a08,PONS,Open Long,0.545,500.0,0.0,3.669725,0,2026-09-10T09:58:17.169000+00:00
0xb5b3f3caf9d778b1293e5cd29f32e84b04c67a08,PONS,Open Long,0.545,1128.0,0.0,1.626651,0,2026-09-10T09:58:17.169000+00:00
0xb5b3f3caf9d778b1293e5cd29f32e84b04c67a08,PONS,Open Long,0.545,500.0,0.0,3.669725,0,2026-09-10T09:58:17.169000+00:00
0xb5b3f3caf9d778b1293e5cd29f32e84b04c67a08,PONS,Open Long,0.545,2500.0,0.0,0.733945,0,2026-09-10T09:58:17.169000+00:00
0xb5b3f3caf9d778b1293e5cd29f32e84b04c67a08,PONS,Open Long,0.545,500.0,0.0,3.669725,0,2026-09-10T09:58:17.169000+00:00
0xb5b3f3caf9d778b1293e5cd29f32e84b04c67a08,PONS,Open Long,0.545,500.0,0.0,3.669725,0,2026-09-10T09:58:17.169000+00:00
0xb5b3f3caf9d778b1293e5cd29f32e84b04c67a08,PONS,Open Long,0.545,1500.0,0.0,1.223242,0,2026-09-10T09:58:17.169000+00:00
0xb5b3f3caf9d778b1293e5cd29f32e84b04c67a08,PONS,Open Long,0.545,500.0,0.0,3.669725,0,2026-09-10T09:58:17.169000+00:00
0xb5b3f3caf9d778b1293e5cd29f32e84b04c67a08,PONS,Open Long,0.545,1000.0,0.0,1.834862,0,2026-09-10T09:58:17.169000+00:00
0xb5b3f3caf9d778b1293e5cd29f32e84b04c67a08,PONS,Open Long,0.545,500.0,0.0,3.669725,0,2026-09-10T09:58:17.169000+00:00
0xb5b3f3caf9d778b1293e5cd29f32e84b04c67a08,PONS,Open Long,0.545,32.0,0.0,57.33945,0,2026-09-10T09:58:17.169000+00:00
0xb5b3f3caf9d778b1293e5cd29f32e84b04c67a08,PONS,Open Long,0.545,500.0,0.0,3.669725,0,2026-09-10T09:58:17.169000+00:00
0xb5b3f3caf9d778b1293e5cd29f32e84b04c67a08,PONS,Open Long,0.545,500.0,0.0,3.669725,0,2026-09-10T09:58:17.169000+00:00
0xb5b3f3caf9d778b1293e5cd29f32e84b04c67a08,PONS,Open Long,0.545,440.0,0.0,4.170142,0,2026-09-10T09:58:17.169000+00:00
0xb5b3f3caf9d778b1293e5cd29f32e84b04c67a08,PONS,Open Long,0.545,333.0,0.0,5.510097,0,2026-09-10T09:58:17.169000+00:00
0xb5b3f3caf9d778b1293e5cd29f32e84b04c67a08,PONS,Open Long,0.545,1767.0,0.0,1.038405,0,2026-09-10T09:58:17.169000+00:00
0xb5b3f3caf9d778b1293e5cd29f32e84b04c67a08,PONS,Open Long,0.545,495.0,0.0,3.706793,0,2026-09-10T09:58:17.169000+00:00
0xb5b3f3caf9d778b1293e5cd29f32e84b04c67a08,PONS,Open Long,0.545,157.0,0.0,11.687022,0,2026-09-10T09:58:17.169000+00:00
0xb5b3f3caf9d778b1293e5cd29f32e84b04c67a08,PONS,Open Long,0.545,997.0,0.0,1.840384,0,2026-09-10T09:58:17.169000+00:00
0xb5b3f3caf9d778b1293e5cd29f32e84b04c67a08,PONS,Open Long,0.545,13038.0,0.0,0.140732,0,2026-09-10T09:58:17.169000+00:00
0xb5b3f3caf9d778b1293e5cd29f32e84b04c67a08,PONS,Open Long,0.545,4570.0,0.0,0.401502,0,2026-09-10T09:58:17.169000+00:00
0xb5b3f3caf9d778b1293e5cd29f32e84b04c67a08,PONS,Open Long,0.545,4570.0,0.0,0.401502,0,2026-09-10T09:58:17.169000+00:00
0xb5b3f3caf9d778b1293e5cd29f32e84b04c67a08,PONS,Open Long,0.545,1907.0,0.0,0.962172,0,2026-09-10T09:58:17.169000+00:00
0xb5b3f3caf9d778b1293e5cd29f32e84b04c67a08,PONS,Open Long,0.545,1834.0,0.0,1.00047,0,2026-09-10T09:58:17.169000+00:00
0xb5b3f3caf9d778b1293e5cd29f32e84b04c67a08,PONS,Open Long,0.545,1089.0,0.0,1.684906,0,2026-09-10T09:58:17.033000+00:00
0xb5b3f3caf9d778b1293e5cd29f32e84b04c67a08,PONS,Open Long,0.545,184.0,0.0,9.972078,0,2026-09-10T09:58:17.033000+00:00
0xb5b3f3caf9d778b1293e5cd29f32e84b04c67a08,PONS,Open Long,0.545,184.0,0.0,9.972078,0,2026-09-10T09:58:17.033000+00:00
0xb5b3f3caf9d778b1293e5cd29f32e84b04c67a08,PONS,Open Long,0.545,184.0,0.0,9.972078,0,2026-09-10T09:58:17.033000+00:00
0xb5b3f3caf9d778b1293e5cd29f32e84b04c67a08,PONS,Open Long,0.545,184.0,0.0,9.972078,0,2026-09-10T09:58:17.033000+00:00
0xb5b3f3caf9d778b1293e5cd29f32e84b04c67a08,PONS,Open Long,0.545,184.0,0.0,9.972078,0,2026-09-10T09:58:17.033000+00:00
0xb5b3f3caf9d778b1293e5cd29f32e84b04c67a08,PONS,Open Long,0.545,184.0,0.0,9.972078,0,2026-09-10T09:58:17.033000+00:00
0xb5b3f3caf9d778b1293e5cd29f32e84b04c67a08,PONS,Open Long,0.545,184.0,0.0,9.972078,0,2026-09-10T09:58:17.033000+00:00
0xb5b3f3caf9d778b1293e5cd29f32e84b04c67a08,PONS,Open Long,0.545,1701.0,0.0,1.078696,0,2026-09-10T09:58:17.033000+00:00
0xb5b3f3caf9d778b1293e5cd29f32e84b04c67a08,PONS,Open Long,0.545,1744.0,0.0,1.0521,0,2026-09-10T09:58:17.033000+00:00
0xb5b3f3caf9d778b1293e5cd29f32e84b04c67a08,PONS,Open Long,0.545,2712.0,0.0,0.676572,0,2026-09-10T09:58:17.033000+00:00
0xb5b3f3caf9d778b1293e5cd29f32e84b04c67a08,PONS,Open Long,0.545,1789.0,0.0,1.025636,0,2026-09-10T09:58:17.033000+00:00
0xb5b3f3caf9d778b1293e5cd29f32e84b04c67a08,PONS,Open Long,0.545,1356.0,0.0,1.353143,0,2026-09-10T09:58:17.033000+00:00
0xb5b3f3caf9d778b1293e5cd29f32e84b04c67a08,PONS,Open Long,0.545,2712.0,0.0,0.676572,0,2026-09-10T09:58:17.033000+00:00
0xb5b3f3caf9d778b1293e5cd29f32e84b04c67a08,PONS,Open Long,0.545,1131.0,0.0,1.622336,0,2026-09-10T09:58:17.033000+00:00
0xb5b3f3caf9d778b1293e5cd29f32e84b04c67a08,PONS,Open Long,0.545,1869.0,0.0,0.981735,0,2026-09-10T09:58:17.033000+00:00
0xb5b3f3caf9d778b1293e5cd29f32e84b04c67a08,PONS,Open Long,0.545,36.0,0.0,50.9684,0,2026-09-10T09:58:17.033000+00:00
0xb5b3f3caf9d778b1293e5cd29f32e84b04c67a08,PONS,Open Long,0.545,2712.0,0.0,0.676572,0,2026-09-10T09:58:17.033000+00:00
0xb5b3f3caf9d778b1293e5cd29f32e84b04c67a08,PONS,Open Long,0.545,1356.0,0.0,1.353143,0,2026-09-10T09:58:16.956000+00:00
0xb5b3f3caf9d778b1293e5cd29f32e84b04c67a08,PONS,Open Long,0.545,3667.0,0.0,0.500372,0,2026-09-10T09:58:16.956000+00:00
0xb5b3f3caf9d778b1293e5cd29f32e84b04c67a08,PONS,Open Long,0.545,2712.0,0.0,0.676572,0,2026-09-10T09:58:16.956000+00:00
0xb5b3f3caf9d778b1293e5cd29f32e84b04c67a08,PONS,Open Long,0.545,427.0,0.0,4.297102,0,2026-09-10T09:58:16.277000+00:00
0xb5b3f3caf9d778b1293e5cd29f32e84b04c67a08,PONS,Open Long,0.545,23.0,0.0,79.776625,0,2026-09-10T09:58:16.010000+00:00
0xb5b3f3caf9d778b1293e5cd29f32e84b04c67a08,PONS,Open Long,0.545,37.0,0.0,49.590875,0,2026-09-10T09:58:15.608000+00:00
0xb5b3f3caf9d778b1293e5cd29f32e84b04c67a08,PONS,Open Long,0.545,3667.0,0.0,0.500372,0,2026-09-10T09:58:14.800000+00:00
0xb5b3f3caf9d778b1293e5cd29f32e84b04c67a08,PONS,Open Long,0.545,158.0,0.0,11.613053,0,2026-09-10T09:58:14.398000+00:00
0xb5b3f3caf9d778b1293e5cd29f32e84b04c67a08,PONS,Open Long,0.545,959.0,0.0,1.913308,0,2026-09-10T09:58:00.555000+00:00
0xb5b3f3caf9d778b1293e5cd29f32e84b04c67a08,PONS,Open Long,0.545,409.0,0.0,4.486216,0,2026-09-10T09:58:00.112000+00:00
0xb5b3f3caf9d778b1293e5cd29f32e84b04c67a08,PONS,Open Long,0.545,205.0,0.0,8.950548,0,2026-09-10T09:58:00.112000+00:00
0xb5b3f3caf9d778b1293e5cd29f32e84b04c67a08,PONS,Open Long,0.545,288.0,0.0,6.37105,0,2026-09-10T09:58:00.112000+00:00
0xb5b3f3caf9d778b1293e5cd29f32e84b04c67a08,PONS,Open Long,0.545,409.0,0.0,4.486216,0,2026-09-10T09:58:00.112000+00:00
0xb5b3f3caf9d778b1293e5cd29f32e84b04c67a08,PONS,Open Long,0.545,36.0,0.0,50.9684,0,2026-09-10T09:58:00.112000+00:00
0xb5b3f3caf9d778b1293e5cd29f32e84b04c67a08,PONS,Open Long,0.545,36.0,0.0,50.9684,0,2026-09-10T09:58:00.112000+00:00
0xb5b3f3caf9d778b1293e5cd29f32e84b04c67a08,PONS,Open Long,0.545,32.0,0.0,57.33945,0,2026-09-10T09:58:00.041000+00:00
0xb5b3f3caf9d778b1293e5cd29f32e84b04c67a08,PONS,Open Long,0.545,3686.0,0.0,0.497792,0,2026-09-10T09:57:59.911000+00:00
0xb5b3f3caf9d778b1293e5cd29f32e84b04c67a08,PONS,Open Long,0.5524,1217.0,0.0,1.487496,0,2026-09-10T09:56:43.873000+00:00
0xb5b3f3caf9d778b1293e5cd29f32e84b04c67a08,PONS,Open Long,0.5524,1019.0,0.0,1.776528,0,2026-09-10T09:56:43.873000+00:00
0xb5b3f3caf9d778b1293e5cd29f32e84b04c67a08,PONS,Open Long,0.5524,520.0,0.0,3.481312,0,2026-09-10T09:56:43.873000+00:00
0xb5b3f3caf9d778b1293e5cd29f32e84b04c67a08,PONS,Open Long,0.5524,1217.0,0.0,1.487496,0,2026-09-10T09:56:43.873000+00:00
0xb5b3f3caf9d778b1293e5cd29f32e84b04c67a08,PONS,Open Long,0.5524,2067.0,0.0,0.875802,0,2026-09-10T09:56:43.873000+00:00
0xb5b3f3caf9d778b1293e5cd29f32e84b04c67a08,PONS,Open Long,0.5524,5101.0,0.0,0.354888,0,2026-09-10T09:56:43.873000+00:00
0xb5b3f3caf9d778b1293e5cd29f32e84b04c67a08,PONS,Open Long,0.5524,3990.0,0.0,0.453705,0,2026-09-10T09:56:43.873000+00:00
0xb5b3f3caf9d778b1293e5cd29f32e84b04c67a08,PONS,Open Long,0.5524,667.0,0.0,2.714067,0,2026-09-10T09:56:43.873000+00:00
0xb5b3f3caf9d778b1293e5cd29f32e84b04c67a08,PONS,Open Long,0.5524,4790.0,0.0,0.37793,0,2026-09-10T09:56:43.873000+00:00
0xb5b3f3caf9d778b1293e5cd29f32e84b04c67a08,PONS,Open Long,0.5524,2263.0,0.0,0.799948,0,2026-09-10T09:56:43.873000+00:00
0xb5b3f3caf9d778b1293e5cd29f32e84b04c67a08,PONS,Open Long,0.5524,12456.0,0.0,0.145334,0,2026-09-10T09:56:43.873000+00:00
0xb5b3f3caf9d778b1293e5cd29f32e84b04c67a08,PONS,Open Long,0.5524,36.0,0.0,50.285622,0,2026-09-10T09:56:43.873000+00:00
0xb5b3f3caf9d778b1293e5cd29f32e84b04c67a08,PONS,Open Long,0.5524,36.0,0.0,50.285622,0,2026-09-10T09:56:43.873000+00:00
0xb5b3f3caf9d778b1293e5cd29f32e84b04c67a08,PONS,Open Long,0.5524,1811.0,0.0,0.999604,0,2026-09-10T09:56:43.873000+00:00
0xb5b3f3caf9d778b1293e5cd29f32e84b04c67a08,PONS,Open Long,0.5524,1766.0,0.0,1.025075,0,2026-09-10T09:56:43.873000+00:00
0xb5b3f3caf9d778b1293e5cd29f32e84b04c67a08,PONS,Open Long,0.5524,1811.0,0.0,0.999604,0,2026-09-10T09:56:43.873000+00:00
0xb5b3f3caf9d778b1293e5cd29f32e84b04c67a08,PONS,Open Long,0.5524,1811.0,0.0,0.999604,0,2026-09-10T09:56:43.873000+00:00
0xb5b3f3caf9d778b1293e5cd29f32e84b04c67a08,PONS,Open Long,0.5524,1090.0,0.0,1.66081,0,2026-09-10T09:56:43.873000+00:00
0xb5b3f3caf9d778b1293e5cd29f32e84b04c67a08,PONS,Open Long,0.5524,1356.0,0.0,1.335017,0,2026-09-10T09:56:43.873000+00:00
0xb5b3f3caf9d778b1293e5cd29f32e84b04c67a08,PONS,Open Long,0.5524,1356.0,0.0,1.335017,0,2026-09-10T09:56:43.873000+00:00
0xb5b3f3caf9d778b1293e5cd29f32e84b04c67a08,PONS,Open Long,0.5524,1723.0,0.0,1.050657,0,2026-09-10T09:56:43.873000+00:00
0xb5b3f3caf9d778b1293e5cd29f32e84b04c67a08,PONS,Open Long,0.5524,2052.0,0.0,0.882204,0,2026-09-10T09:56:43.668000+00:00
0xb5b3f3caf9d778b1293e5cd29f32e84b04c67a08,PONS,Open Long,0.5524,560.0,0.0,3.232647,0,2026-09-10T09:56:43.668000+00:00
0xb5b3f3caf9d778b1293e5cd29f32e84b04c67a08,PONS,Open Long,0.55239,1019.0,0.0,1.776561,0,2026-09-10T09:56:43.668000+00:00
0xb5b3f3caf9d778b1293e5cd29f32e84b04c67a08,PONS,Open Long,0.55236,1018.0,0.0,1.778402,0,2026-09-10T09:56:43.668000+00:00
0xb5b3f3caf9d778b1293e5cd29f32e84b04c67a08,PONS,Open Long,0.55232,1159.0,0.0,1.562161,0,2026-09-10T09:56:43.668000+00:00
0xb5b3f3caf9d778b1293e5cd29f32e84b04c67a08,PONS,Open Long,0.55227,1018.0,0.0,1.778692,0,2026-09-10T09:56:43.668000+00:00
0xb5b3f3caf9d778b1293e5cd29f32e84b04c67a08,PONS,Open Long,0.5522,560.0,0.0,3.233818,0,2026-09-10T09:56:43.668000+00:00
0xb5b3f3caf9d778b1293e5cd29f32e84b04c67a08,PONS,Open Long,0.55219,560.0,0.0,3.233877,0,2026-09-10T09:56:43.668000+00:00
0xb5b3f3caf9d778b1293e5cd29f32e84b04c67a08,PONS,Open Long,0.55218,1018.0,0.0,1.778982,0,2026-09-10T09:56:43.668000+00:00
0xb5b3f3caf9d778b1293e5cd29f32e84b04c67a08,PONS,Open Long,0.55218,560.0,0.0,3.233935,0,2026-09-10T09:56:43.668000+00:00
0xb5b3f3caf9d778b1293e5cd29f32e84b04c67a08,PONS,Open Long,0.55217,3777.0,0.0,0.479491,0,2026-09-10T09:56:43.668000+00:00
0xb5b3f3caf9d778b1293e5cd29f32e84b04c67a08,PONS,Open Long,0.55217,560.0,0.0,3.233994,0,2026-09-10T09:56:43.668000+00:00
0xb5b3f3caf9d778b1293e5cd29f32e84b04c67a08,PONS,Open Long,0.55216,560.0,0.0,3.234052,0,2026-09-10T09:56:43.668000+00:00
0xb5b3f3caf9d778b1293e5cd29f32e84b04c67a08,PONS,Open Long,0.55215,950.0,0.0,1.906423,0,2026-09-10T09:56:43.668000+00:00
0xb5b3f3caf9d778b1293e5cd29f32e84b04c67a08,PONS,Open Long,0.55215,950.0,0.0,1.906423,0,2026-09-10T09:56:43.668000+00:00
0xb5b3f3caf9d778b1293e5cd29f32e84b04c67a08,PONS,Open Long,0.55215,560.0,0.0,3.234111,0,2026-09-10T09:56:43.668000+00:00
0xb5b3f3caf9d778b1293e5cd29f32e84b04c67a08,PONS,Open Long,0.55209,952.0,0.0,1.902625,0,2026-09-10T09:56:43.668000+00:00
0xb5b3f3caf9d778b1293e5cd29f32e84b04c67a08,PONS,Open Long,0.55209,952.0,0.0,1.902625,0,2026-09-10T09:56:43.668000+00:00
0xb5b3f3caf9d778b1293e5cd29f32e84b04c67a08,PONS,Open Long,0.55207,4396.0,0.0,0.412048,0,2026-09-10T09:56:43.668000+00:00
0xb5b3f3caf9d778b1293e5cd29f32e84b04c67a08,PONS,Open Long,0.5583,73.0,0.0,24.536325,0,2026-09-10T09:55:48.306000+00:00
0xb5b3f3caf9d778b1293e5cd29f32e84b04c67a08,PONS,Open Long,0.5583,5467.0,0.0,0.32763,0,2026-09-10T09:55:48.306000+00:00
0xb5b3f3caf9d778b1293e5cd29f32e84b04c67a08,PONS,Open Long,0.5583,1000.0,0.0,1.791152,0,2026-09-10T09:55:48.306000+00:00
0xb5b3f3caf9d778b1293e5cd29f32e84b04c67a08,PONS,Open Long,0.5583,1000.0,0.0,1.791152,0,2026-09-10T09:55:48.306000+00:00
0xb5b3f3caf9d778b1293e5cd29f32e84b04c67a08,PONS,Open Long,0.5583,3734.0,0.0,0.479687,0,2026-09-10T09:55:48.306000+00:00
0xb5b3f3caf9d778b1293e5cd29f32e84b04c67a08,PONS,Open Long,0.5583,16339.0,0.0,0.109624,0,2026-09-10T09:55:48.306000+00:00
0xb5b3f3caf9d778b1293e5cd29f32e84b04c67a08,PONS,Open Long,0.5583,1747.0,0.0,1.025273,0,2026-09-10T09:55:48.306000+00:00
0xb5b3f3caf9d778b1293e5cd29f32e84b04c67a08,PONS,Open Long,0.5583,1791.0,0.0,1.000085,0,2026-09-10T09:55:48.240000+00:00
0xb5b3f3caf9d778b1293e5cd29f32e84b04c67a08,PONS,Open Long,0.5583,1855.0,0.0,0.96558,0,2026-09-10T09:55:48.240000+00:00
0xb5b3f3caf9d778b1293e5cd29f32e84b04c67a08,PONS,Open Long,0.5583,1747.0,0.0,1.025273,0,2026-09-10T09:55:48.240000+00:00
0xb5b3f3caf9d778b1293e5cd29f32e84b04c67a08,PONS,Open Long,0.5583,1791.0,0.0,1.000085,0,2026-09-10T09:55:48.240000+00:00
0xb5b3f3caf9d778b1293e5cd29f32e84b04c67a08,PONS,Open Long,0.5583,189.0,0.0,9.476993,0,2026-09-10T09:55:48.240000+00:00
0xb5b3f3caf9d778b1293e5cd29f32e84b04c67a08,PONS,Open Long,0.5583,180.0,0.0,9.950843,0,2026-09-10T09:55:48.240000+00:00
0xb5b3f3caf9d778b1293e5cd29f32e84b04c67a08,PONS,Open Long,0.5583,180.0,0.0,9.950843,0,2026-09-10T09:55:48.240000+00:00
0xb5b3f3caf9d778b1293e5cd29f32e84b04c67a08,PONS,Open Long,0.5583,3690.0,0.0,0.485407,0,2026-09-10T09:55:48.240000+00:00
0xb5b3f3caf9d778b1293e5cd29f32e84b04c67a08,PONS,Open Long,0.5583,440.0,0.0,4.070799,0,2026-09-10T09:55:48.240000+00:00
0xb5b3f3caf9d778b1293e5cd29f32e84b04c67a08,PONS,Open Long,0.5583,89.0,0.0,20.1253,0,2026-09-10T09:55:48.240000+00:00
0xb5b3f3caf9d778b1293e5cd29f32e84b04c67a08,PONS,Open Long,0.5583,3644.0,0.0,0.491534,0,2026-09-10T09:55:48.240000+00:00
0xb5b3f3caf9d778b1293e5cd29f32e84b04c67a08,PONS,Open Long,0.5583,500.0,0.0,3.582303,0,2026-09-10T09:55:48.240000+00:00
0xb5b3f3caf9d778b1293e5cd29f32e84b04c67a08,PONS,Open Long,0.5583,500.0,0.0,3.582303,0,2026-09-10T09:55:48.240000+00:00
0xb5b3f3caf9d778b1293e5cd29f32e84b04c67a08,PONS,Open Long,0.5583,500.0,0.0,3.582303,0,2026-09-10T09:55:48.240000+00:00
0xb5b3f3caf9d778b1293e5cd29f32e84b04c67a08,PONS,Open Long,0.5583,500.0,0.0,3.582303,0,2026-09-10T09:55:48.240000+00:00
0xb5b3f3caf9d778b1293e5cd29f32e84b04c67a08,PONS,Open Long,0.5583,500.0,0.0,3.582303,0,2026-09-10T09:55:48.240000+00:00
0xb5b3f3caf9d778b1293e5cd29f32e84b04c67a08,PONS,Open Long,0.5583,500.0,0.0,3.582303,0,2026-09-10T09:55:48.240000+00:00
0xb5b3f3caf9d778b1293e5cd29f32e84b04c67a08,PONS,Open Long,0.5583,2712.0,0.0,0.660454,0,2026-09-10T09:55:48.240000+00:00
0xb5b3f3caf9d778b1293e5cd29f32e84b04c67a08,PONS,Open Long,0.5583,2772.0,0.0,0.646159,0,2026-09-10T09:55:48.240000+00:00
0xb5b3f3caf9d778b1293e5cd29f32e84b04c67a08,PONS,Open Long,0.5583,35.0,0.0,51.175763,0,2026-09-10T09:55:48.240000+00:00
0xb5b3f3caf9d778b1293e5cd29f32e84b04c67a08,PONS,Open Long,0.5583,1855.0,0.0,0.96558,0,2026-09-10T09:55:48.240000+00:00
0xb5b3f3caf9d778b1293e5cd29f32e84b04c67a08,PONS,Open Long,0.5583,1747.0,0.0,1.025273,0,2026-09-10T09:55:48.240000+00:00
0xb5b3f3caf9d778b1293e5cd29f32e84b04c67a08,PONS,Open Long,0.5583,1791.0,0.0,1.000085,0,2026-09-10T09:55:48.170000+00:00
0xb5b3f3caf9d778b1293e5cd29f32e84b04c67a08,PONS,Open Long,0.5583,1747.0,0.0,1.025273,0,2026-09-10T09:55:48.170000+00:00
0xb5b3f3caf9d778b1293e5cd29f32e84b04c67a08,PONS,Open Long,0.5583,1791.0,0.0,1.000085,0,2026-09-10T09:55:48.170000+00:00
0xb5b3f3caf9d778b1293e5cd29f32e84b04c67a08,PONS,Open Long,0.5583,35.0,0.0,51.175763,0,2026-09-10T09:55:48.170000+00:00
0xb5b3f3caf9d778b1293e5cd29f32e84b04c67a08,PONS,Open Long,0.5583,1356.0,0.0,1.320908,0,2026-09-10T09:55:48.170000+00:00
0xb5b3f3caf9d778b1293e5cd29f32e84b04c67a08,PONS,Open Long,0.5583,8083.0,0.0,0.221595,0,2026-09-10T09:55:48.170000+00:00
0xb5b3f3caf9d778b1293e5cd29f32e84b04c67a08,PONS,Open Long,0.5583,2712.0,0.0,0.660454,0,2026-09-10T09:55:48.170000+00:00
0xb5b3f3caf9d778b1293e5cd29f32e84b04c67a08,PONS,Open Long,0.5583,35.0,0.0,51.175763,0,2026-09-10T09:55:47.971000+00:00
0xb5b3f3caf9d778b1293e5cd29f32e84b04c67a08,PONS,Open Long,0.5583,35.0,0.0,51.175763,0,2026-09-10T09:55:47.971000+00:00
0xb5b3f3caf9d778b1293e5cd29f32e84b04c67a08,PONS,Open Long,0.5583,781.0,0.0,2.293408,0,2026-09-10T09:55:47.891000+00:00
0xb5b3f3caf9d778b1293e5cd29f32e84b04c67a08,PONS,Open Long,0.5583,1257.0,0.0,1.424942,0,2026-09-10T09:55:47.769000+00:00
0xb5b3f3caf9d778b1293e5cd29f32e84b04c67a08,PONS,Open Long,0.5583,1010.0,0.0,1.773418,0,2026-09-10T09:55:47.700000+00:00
0xb5b3f3caf9d778b1293e5cd29f32e84b04c67a08,PONS,Open Long,0.5583,759.0,0.0,2.359884,0,2026-09-10T09:55:47.700000+00:00
0xb5b3f3caf9d778b1293e5cd29f32e84b04c67a08,PONS,Open Long,0.5583,1341.0,0.0,1.335684,0,2026-09-10T09:55:47.700000+00:00
0xb5b3f3caf9d778b1293e5cd29f32e84b04c67a08,PONS,Open Long,0.5583,1128.0,0.0,1.5879,0,2026-09-10T09:55:47.700000+00:00
0xb5b3f3caf9d778b1293e5cd29f32e84b04c67a08,PONS,Open Long,0.5583,814.0,0.0,2.200432,0,2026-09-10T09:55:47.700000+00:00
0xb5b3f3caf9d778b1293e5cd29f32e84b04c67a08,PONS,Open Long,0.5583,1000.0,0.0,1.791152,0,2026-09-10T09:55:47.700000+00:00
0xb5b3f3caf9d778b1293e5cd29f32e84b04c67a08,PONS,Open Long,0.5583,773.0,0.0,2.317143,0,2026-09-10T09:55:47.700000+00:00
0xb5b3f3caf9d778b1293e5cd29f32e84b04c67a08,PONS,Open Long,0.5583,1171.0,0.0,1.529592,0,2026-09-10T09:55:47.365000+00:00
0xb5b3f3caf9d778b1293e5cd29f32e84b04c67a08,PONS,Open Long,0.5583,8830.0,0.0,0.202848,0,2026-09-10T09:55:46.353000+00:00
0xb5b3f3caf9d778b1293e5cd29f32e84b04c67a08,PONS,Open Long,0.5583,2207.0,0.0,0.811578,0,2026-09-10T09:55:45.685000+00:00
0xb5b3f3caf9d778b1293e5cd29f32e84b04c67a08,PONS,Open Long,0.5583,2570.0,0.0,0.696946,0,2026-09-10T09:55:45.551000+00:00
0xb5b3f3caf9d778b1293e5cd29f32e84b04c67a08,PONS,Open Long,0.5583,1697.0,0.0,1.055481,0,2026-09-10T09:55:45.484000+00:00
0xb5b3f3caf9d778b1293e5cd29f32e84b04c67a08,PONS,Open Long,0.56,2809.0,0.0,0.635712,0,2026-09-10T09:55:44.319000+00:00
0xb5b3f3caf9d778b1293e5cd29f32e84b04c67a08,PONS,Open Long,0.56,165.0,0.0,10.822511,0,2026-09-10T09:55:44.235000+00:00
0xb5b3f3caf9d778b1293e5cd29f32e84b04c67a08,PONS,Open Long,0.56,70161.0,0.0,0.025452,0,2026-09-10T09:55:44.235000+00:00
0xb5b3f3caf9d778b1293e5cd29f32e84b04c67a08,PONS,Open Long,0.56,35.0,0.0,51.020408,0,2026-09-10T09:55:44.235000+00:00
0xb5b3f3caf9d778b1293e5cd29f32e84b04c67a08,PONS,Open Long,0.56,35.0,0.0,51.020408,0,2026-09-10T09:55:44.235000+00:00
0xb5b3f3caf9d778b1293e5cd29f32e84b04c67a08,PONS,Open Long,0.56,19792.0,0.0,0.090224,0,2026-09-10T09:55:44.119000+00:00
0xb5b3f3caf9d778b1293e5cd29f32e84b04c67a08,PONS,Open Long,0.5603,55310.0,0.0,0.032268,0,2026-09-10T09:55:44.119000+00:00
0xb5b3f3caf9d778b1293e5cd29f32e84b04c67a08,PONS,Open Long,0.5603,356.0,0.0,5.013366,0,2026-09-10T09:55:44.034000+00:00
0xb5b3f3caf9d778b1293e5cd29f32e84b04c67a08,PONS,Open Long,0.5603,52.0,0.0,34.322272,0,2026-09-10T09:55:44.034000+00:00
0xb5b3f3caf9d778b1293e5cd29f32e84b04c67a08,PONS,Open Long,0.5603,1785.0,0.0,0.999865,0,2026-09-10T09:55:44.034000+00:00
0xb5b3f3caf9d778b1293e5cd29f32e84b04c67a08,PONS,Open Long,0.5603,31188.0,0.0,0.057226,0,2026-09-10T09:55:44.034000+00:00
0xb5b3f3caf9d778b1293e5cd29f32e84b04c67a08,PONS,Open Long,0.5603,35.0,0.0,50.99309,0,2026-09-10T09:55:44.034000+00:00
0xb5b3f3caf9d778b1293e5cd29f32e84b04c67a08,PONS,Open Long,0.5603,35.0,0.0,50.99309,0,2026-09-10T09:55:44.034000+00:00
0xb5b3f3caf9d778b1293e5cd29f32e84b04c67a08,PONS,Open Long,0.5603,537.0,0.0,3.323572,0,2026-09-10T09:55:43.984000+00:00
0xb5b3f3caf9d778b1293e5cd29f32e84b04c67a08,PONS,Open Long,0.5603,179.0,0.0,9.970716,0,2026-09-10T09:55:43.984000+00:00
0xb5b3f3caf9d778b1293e5cd29f32e84b04c67a08,PONS,Open Long,0.5603,89.0,0.0,20.053463,0,2026-09-10T09:55:43.984000+00:00
0xb5b3f3caf9d778b1293e5cd29f32e84b04c67a08,PONS,Open Long,0.5603,500.0,0.0,3.569516,0,2026-09-10T09:55:43.984000+00:00
0xb5b3f3caf9d778b1293e5cd29f32e84b04c67a08,PONS,Open Long,0.5603,2000.0,0.0,0.892379,0,2026-09-10T09:55:43.984000+00:00
0xb5b3f3caf9d778b1293e5cd29f32e84b04c67a08,PONS,Open Long,0.5603,500.0,0.0,3.569516,0,2026-09-10T09:55:43.984000+00:00
0xb5b3f3caf9d778b1293e5cd29f32e84b04c67a08,PONS,Open Long,0.5603,500.0,0.0,3.569516,0,2026-09-10T09:55:43.984000+00:00
0xb5b3f3caf9d778b1293e5cd29f32e84b04c67a08,PONS,Open Long,0.5603,376.0,0.0,4.746697,0,2026-09-10T09:55:43.984000+00:00
0xb5b3f3caf9d778b1293e5cd29f32e84b04c67a08,PONS,Open Long,0.5603,355.0,0.0,5.027488,0,2026-09-10T09:55:43.896000+00:00
0xb5b3f3caf9d778b1293e5cd29f32e84b04c67a08,PONS,Open Long,0.5603,1655.0,0.0,1.078404,0,2026-09-10T09:55:43.896000+00:00
0xb5b3f3caf9d778b1293e5cd29f32e84b04c67a08,PONS,Open Long,0.5603,1784.0,0.0,1.000425,0,2026-09-10T09:55:43.896000+00:00
0xb5b3f3caf9d778b1293e5cd29f32e84b04c67a08,PONS,Open Long,0.5603,764.0,0.0,2.336071,0,2026-09-10T09:55:43.833000+00:00
0xb5b3f3caf9d778b1293e5cd29f32e84b04c67a08,PONS,Open Long,0.5603,1697.0,0.0,1.051714,0,2026-09-10T09:55:43.833000+00:00
0xb5b3f3caf9d778b1293e5cd29f32e84b04c67a08,PONS,Open Long,0.5603,356.0,0.0,5.013366,0,2026-09-10T09:55:43.833000+00:00
0xb5b3f3caf9d778b1293e5cd29f32e84b04c67a08,PONS,Open Long,0.5603,3570.0,0.0,0.499932,0,2026-09-10T09:55:43.780000+00:00
0xb5b3f3caf9d778b1293e5cd29f32e84b04c67a08,PONS,Open Long,0.5603,35.0,0.0,50.99309,0,2026-09-10T09:55:43.780000+00:00
0xb5b3f3caf9d778b1293e5cd29f32e84b04c67a08,PONS,Open Long,0.5603,35.0,0.0,50.99309,0,2026-09-10T09:55:43.780000+00:00
0xb5b3f3caf9d778b1293e5cd29f32e84b04c67a08,PONS,Open Long,0.5603,1655.0,0.0,1.078404,0,2026-09-10T09:55:43.780000+00:00
0xb5b3f3caf9d778b1293e5cd29f32e84b04c67a08,PONS,Open Long,0.5603,1784.0,0.0,1.000425,0,2026-09-10T09:55:43.780000+00:00
0xb5b3f3caf9d778b1293e5cd29f32e84b04c67a08,PONS,Open Long,0.5603,9931.0,0.0,0.179716,0,2026-09-10T09:55:43.694000+00:00
0xb5b3f3caf9d778b1293e5cd29f32e84b04c67a08,PONS,Open Long,0.5603,1697.0,0.0,1.051714,0,2026-09-10T09:55:43.694000+00:00
0xb5b3f3caf9d778b1293e5cd29f32e84b04c67a08,PONS,Open Long,0.5603,356.0,0.0,5.013366,0,2026-09-10T09:55:43.694000+00:00
0xb5b3f3caf9d778b1293e5cd29f32e84b04c67a08,PONS,Open Long,0.5603,89.0,0.0,20.053463,0,2026-09-10T09:55:43.632000+00:00
0xb5b3f3caf9d778b1293e5cd29f32e84b04c67a08,PONS,Open Long,0.5603,355.0,0.0,5.027488,0,2026-09-10T09:55:43.632000+00:00
0xb5b3f3caf9d778b1293e5cd29f32e84b04c67a08,PONS,Open Long,0.5603,9631.0,0.0,0.185314,0,2026-09-10T09:55:43.632000+00:00
0xb5b3f3caf9d778b1293e5cd29f32e84b04c67a08,PONS,Open Long,0.5603,500.0,0.0,3.569516,0,2026-09-10T09:55:43.578000+00:00
0xb5b3f3caf9d778b1293e5cd29f32e84b04c67a08,PONS,Open Long,0.5603,302.0,0.0,5.909795,0,2026-09-10T09:55:43.578000+00:00
0xb5b3f3caf9d778b1293e5cd29f32e84b04c67a08,PONS,Open Long,0.5603,198.0,0.0,9.01393,0,2026-09-10T09:55:43.578000+00:00
0xb5b3f3caf9d778b1293e5cd29f32e84b04c67a08,PONS,Open Long,0.5603,4000.0,0.0,0.44619,0,2026-09-10T09:55:43.578000+00:00
0xb5b3f3caf9d778b1293e5cd29f32e84b04c67a08,PONS,Open Long,0.5603,255.0,0.0,6.999052,0,2026-09-10T09:55:43.578000+00:00
0xb5b3f3caf9d778b1293e5cd29f32e84b04c67a08,PONS,Open Long,0.5603,6720.0,0.0,0.265589,0,2026-09-10T09:55:43.578000+00:00
0xb5b3f3caf9d778b1293e5cd29f32e84b04c67a08,PONS,Open Long,0.5603,397.0,0.0,4.495613,0,2026-09-10T09:55:43.578000+00:00
0xb5b3f3caf9d778b1293e5cd29f32e84b04c67a08,PONS,Open Long,0.5603,360.0,0.0,4.957662,0,2026-09-10T09:55:43.578000+00:00
0xb5b3f3caf9d778b1293e5cd29f32e84b04c67a08,PONS,Open Long,0.5603,156.0,0.0,11.440757,0,2026-09-10T09:55:43.578000+00:00
0xb5b3f3caf9d778b1293e5cd29f32e84b04c67a08,PONS,Open Long,0.5603,307.0,0.0,5.813545,0,2026-09-10T09:55:43.578000+00:00
0xb5b3f3caf9d778b1293e5cd29f32e84b04c67a08,PONS,Open Long,0.5603,440.0,0.0,4.056269,0,2026-09-10T09:55:43.578000+00:00
0xb5b3f3caf9d778b1293e5cd29f32e84b04c67a08,PONS,Open Long,0.5603,220.0,0.0,8.112537,0,2026-09-10T09:55:43.578000+00:00
0xb5b3f3caf9d778b1293e5cd29f32e84b04c67a08,PONS,Open Long,0.5603,7287.0,0.0,0.244924,0,2026-09-10T09:55:43.578000+00:00
0xb5b3f3caf9d778b1293e5cd29f32e84b04c67a08,PONS,Open Long,0.5603,8924.0,0.0,0.199995,0,2026-09-10T09:55:43.578000+00:00
0xb5b3f3caf9d778b1293e5cd29f32e84b04c67a08,PONS,Open Long,0.5603,35.0,0.0,50.99309,0,2026-09-10T09:55:43.578000+00:00
0xb5b3f3caf9d778b1293e5cd29f32e84b04c67a08,PONS,Open Long,0.5603,35.0,0.0,50.99309,0,2026-09-10T09:55:43.578000+00:00
0xb5b3f3caf9d778b1293e5cd29f32e84b04c67a08,PONS,Open Long,0.5603,1655.0,0.0,1.078404,0,2026-09-10T09:55:43.578000+00:00
0xb5b3f3caf9d778b1293e5cd29f32e84b04c67a08,PONS,Open Long,0.5603,1784.0,0.0,1.000425,0,2026-09-10T09:55:43.578000+00:00
0xb5b3f3caf9d778b1293e5cd29f32e84b04c67a08,PONS,Open Long,0.5603,1740.0,0.0,1.025723,0,2026-09-10T09:55:43.578000+00:00
0xb5b3f3caf9d778b1293e5cd29f32e84b04c67a08,PONS,Open Long,0.5603,356.0,0.0,5.013366,0,2026-09-10T09:55:43.578000+00:00
0xb5b3f3caf9d778b1293e5cd29f32e84b04c67a08,PONS,Open Long,0.5603,1785.0,0.0,0.999865,0,2026-09-10T09:55:43.495000+00:00
0xb5b3f3caf9d778b1293e5cd29f32e84b04c67a08,PONS,Open Long,0.5603,1899.0,0.0,0.939841,0,2026-09-10T09:55:43.495000+00:00
0xb5b3f3caf9d778b1293e5cd29f32e84b04c67a08,PONS,Open Long,0.5603,2712.0,0.0,0.658097,0,2026-09-10T09:55:43.495000+00:00
0xb5b3f3caf9d778b1293e5cd29f32e84b04c67a08,PONS,Open Long,0.5603,1697.0,0.0,1.051714,0,2026-09-10T09:55:43.495000+00:00
0xb5b3f3caf9d778b1293e5cd29f32e84b04c67a08,PONS,Open Long,0.5603,356.0,0.0,5.013366,0,2026-09-10T09:55:43.495000+00:00
0xb5b3f3caf9d778b1293e5cd29f32e84b04c67a08,PONS,Open Long,0.5603,3570.0,0.0,0.499932,0,2026-09-10T09:55:43.090000+00:00
0xb5b3f3caf9d778b1293e5cd29f32e84b04c67a08,PONS,Open Long,0.5603,33.0,0.0,54.083581,0,2026-09-10T09:55:30.012000+00:00
0xb5b3f3caf9d778b1293e5cd29f32e84b04c67a08,PONS,Open Long,0.5603,3576.0,0.0,0.499093,0,2026-09-10T09:55:28.276000+00:00
0xb5b3f3caf9d778b1293e5cd29f32e84b04c67a08,PONS,Open Long,0.5603,448.0,0.0,3.983835,0,2026-09-10T09:55:27.532000+00:00
0xb5b3f3caf9d778b1293e5cd29f32e84b04c67a08,PONS,Open Long,0.5603,3457.0,0.0,0.516274,0,2026-09-10T09:55:27.464000+00:00
0xb5b3f3caf9d778b1293e5cd29f32e84b04c67a08,PONS,Open Long,0.5603,4715.0,0.0,0.378528,0,2026-09-10T09:55:26.994000+00:00
0xb5b3f3caf9d778b1293e5cd29f32e84b04c67a08,PONS,Open Long,0.5603,2643.0,0.0,0.675277,0,2026-09-10T09:55:26.699000+00:00
0xb5b3f3caf9d778b1293e5cd29f32e84b04c67a08,PONS,Open Long,0.5603,1862.0,0.0,0.958517,0,2026-09-10T09:55:26.047000+00:00
0xb5b3f3caf9d778b1293e5cd29f32e84b04c67a08,PONS,Open Long,0.5603,3576.0,0.0,0.499093,0,2026-09-10T09:55:25.378000+00:00
0xb5b3f3caf9d778b1293e5cd29f32e84b04c67a08,PONS,Open Long,0.5603,241.0,0.0,7.405636,0,2026-09-10T09:55:25.378000+00:00
0xb5b3f3caf9d778b1293e5cd29f32e84b04c67a08,PONS,Open Long,0.5603,1775.0,0.0,1.005498,0,2026-09-10T09:55:23.547000+00:00
0xb5b3f3caf9d778b1293e5cd29f32e84b04c67a08,PONS,Open Long,0.5603,816.0,0.0,2.187204,0,2026-09-10T09:55:23.415000+00:00
0xb5b3f3caf9d778b1293e5cd29f32e84b04c67a08,PONS,Open Long,0.5603,1390.0,0.0,1.283999,0,2026-09-10T09:55:16.787000+00:00
0xb5b3f3caf9d778b1293e5cd29f32e84b04c67a08,PONS,Open Long,0.5603,1612.0,0.0,1.10717,0,2026-09-10T09:55:16.388000+00:00
0xb5b3f3caf9d778b1293e5cd29f32e84b04c67a08,PONS,Open Long,0.5603,3397.0,0.0,0.525392,0,2026-09-10T09:55:16.177000+00:00
0xb5b3f3caf9d778b1293e5cd29f32e84b04c67a08,PONS,Open Long,0.5603,3575.0,0.0,0.499233,0,2026-09-10T09:55:15.442000+00:00
0xb5b3f3caf9d778b1293e5cd29f32e84b04c67a08,PONS,Open Long,0.5603,1785.0,0.0,0.999865,0,2026-09-10T09:55:15.442000+00:00
0xb5b3f3caf9d778b1293e5cd29f32e84b04c67a08,PONS,Open Long,0.5603,6756.0,0.0,0.264174,0,2026-09-10T09:55:15.304000+00:00
0xb5b3f3caf9d778b1293e5cd29f32e84b04c67a08,PONS,Open Long,0.5603,289.0,0.0,6.175634,0,2026-09-10T09:55:15.032000+00:00
0xb5b3f3caf9d778b1293e5cd29f32e84b04c67a08,PONS,Open Long,0.5603,3575.0,0.0,0.499233,0,2026-09-10T09:55:14.835000+00:00
0xb5b3f3caf9d778b1293e5cd29f32e84b04c67a08,PONS,Open Long,0.5603,89.0,0.0,20.053463,0,2026-09-10T09:55:14.765000+00:00
0xb5b3f3caf9d778b1293e5cd29f32e84b04c67a08,PONS,Open Long,0.5603,35.0,0.0,50.99309,0,2026-09-10T09:55:14.765000+00:00
0xb5b3f3caf9d778b1293e5cd29f32e84b04c67a08,PONS,Open Long,0.5603,35.0,0.0,50.99309,0,2026-09-10T09:55:14.765000+00:00
0xb5b3f3caf9d778b1293e5cd29f32e84b04c67a08,PONS,Open Long,0.5603,1785.0,0.0,0.999865,0,2026-09-10T09:55:14.563000+00:00
0xb5b3f3caf9d778b1293e5cd29f32e84b04c67a08,PONS,Open Long,0.5603,1785.0,0.0,0.999865,0,2026-09-10T09:55:14.498000+00:00
0xb5b3f3caf9d778b1293e5cd29f32e84b04c67a08,PONS,Open Long,0.5603,35.0,0.0,50.99309,0,2026-09-10T09:55:14.498000+00:00
0xb5b3f3caf9d778b1293e5cd29f32e84b04c67a08,PONS,Open Long,0.5603,35.0,0.0,50.99309,0,2026-09-10T09:55:14.498000+00:00
0xb5b3f3caf9d778b1293e5cd29f32e84b04c67a08,PONS,Open Long,0.5603,93.0,0.0,19.190948,0,2026-09-10T09:55:14.363000+00:00
0xb5b3f3caf9d778b1293e5cd29f32e84b04c67a08,PONS,Open Long,0.5603,1785.0,0.0,0.999865,0,2026-09-10T09:55:14.363000+00:00
0xb5b3f3caf9d778b1293e5cd29f32e84b04c67a08,PONS,Open Long,0.56028,637.0,0.0,2.801918,0,2026-09-10T09:55:14.363000+00:00
0xb5b3f3caf9d778b1293e5cd29f32e84b04c67a08,PONS,Open Long,0.56,215.0,0.0,8.305648,0,2026-09-10T09:55:00.656000+00:00
0xb5b3f3caf9d778b1293e5cd29f32e84b04c67a08,PONS,Open Long,0.56,485.0,0.0,3.681885,0,2026-09-10T09:55:00.521000+00:00
0xb5b3f3caf9d778b1293e5cd29f32e84b04c67a08,PONS,Open Long,0.56,3578.0,0.0,0.499082,0,2026-09-10T09:54:59.985000+00:00
0xb5b3f3caf9d778b1293e5cd29f32e84b04c67a08,PONS,Open Long,0.56,1285.0,0.0,1.389661,0,2026-09-10T09:54:59.517000+00:00
0xb5b3f3caf9d778b1293e5cd29f32e84b04c67a08,PONS,Open Long,0.56,1147.0,0.0,1.556856,0,2026-09-10T09:54:59.317000+00:00
0xb5b3f3caf9d778b1293e5cd29f32e84b04c67a08,PONS,Open Long,0.56,35.0,0.0,51.020408,0,2026-09-10T09:54:58.712000+00:00
0xb5b3f3caf9d778b1293e5cd29f32e84b04c67a08,PONS,Open Long,0.56,35.0,0.0,51.020408,0,2026-09-10T09:54:58.712000+00:00
0xb5b3f3caf9d778b1293e5cd29f32e84b04c67a08,PONS,Open Long,0.56,89.0,0.0,20.064205,0,2026-09-10T09:54:58.644000+00:00
0xb5b3f3caf9d778b1293e5cd29f32e84b04c67a08,PONS,Open Long,0.56,1855.0,0.0,0.962649,0,2026-09-10T09:54:58.644000+00:00
0xb5b3f3caf9d778b1293e5cd29f32e84b04c67a08,PONS,Open Long,0.56,3578.0,0.0,0.499082,0,2026-09-10T09:54:58.644000+00:00
0xb5b3f3caf9d778b1293e5cd29f32e84b04c67a08,PONS,Open Long,0.56,500.0,0.0,3.571429,0,2026-09-10T09:54:58.644000+00:00
0xb5b3f3caf9d778b1293e5cd29f32e84b04c67a08,PONS,Open Long,0.56,296.0,0.0,6.032819,0,2026-09-10T09:54:58.516000+00:00
0xb5b3f3caf9d778b1293e5cd29f32e84b04c67a08,PONS,Open Long,0.56,234.0,0.0,7.631258,0,2026-09-10T09:54:58.516000+00:00
0xb5b3f3caf9d778b1293e5cd29f32e84b04c67a08,PONS,Open Long,0.56,96.0,0.0,18.60119,0,2026-09-10T09:54:58.516000+00:00
0xb5b3f3caf9d778b1293e5cd29f32e84b04c67a08,PONS,Open Long,0.56,1000.0,0.0,1.785714,0,2026-09-10T09:54:58.516000+00:00
0xb5b3f3caf9d778b1293e5cd29f32e84b04c67a08,PONS,Open Long,0.56,500.0,0.0,3.571429,0,2026-09-10T09:54:58.516000+00:00
0xb5b3f3caf9d778b1293e5cd29f32e84b04c67a08,PONS,Open Long,0.56,500.0,0.0,3.571429,0,2026-09-10T09:54:58.516000+00:00
0xb5b3f3caf9d778b1293e5cd29f32e84b04c67a08,PONS,Open Long,0.56,1000.0,0.0,1.785714,0,2026-09-10T09:54:58.516000+00:00
0xb5b3f3caf9d778b1293e5cd29f32e84b04c67a08,PONS,Open Long,0.56,500.0,0.0,3.571429,0,2026-09-10T09:54:58.516000+00:00
0xb5b3f3caf9d778b1293e5cd29f32e84b04c67a08,PONS,Open Long,0.56,500.0,0.0,3.571429,0,2026-09-10T09:54:58.516000+00:00
0xb5b3f3caf9d778b1293e5cd29f32e84b04c67a08,PONS,Open Long,0.56,440.0,0.0,4.058442,0,2026-09-10T09:54:58.516000+00:00
0xb5b3f3caf9d778b1293e5cd29f32e84b04c67a08,PONS,Open Long,0.56,10823.0,0.0,0.164993,0,2026-09-10T09:54:58.516000+00:00
0xb5b3f3caf9d778b1293e5cd29f32e84b04c67a08,PONS,Open Long,0.56,35.0,0.0,51.020408,0,2026-09-10T09:54:58.516000+00:00
0xb5b3f3caf9d778b1293e5cd29f32e84b04c67a08,PONS,Open Long,0.56,35.0,0.0,51.020408,0,2026-09-10T09:54:58.516000+00:00
0xb5b3f3caf9d778b1293e5cd29f32e84b04c67a08,PONS,Open Long,0.56,8929.0,0.0,0.19999,0,2026-09-10T09:54:58.516000+00:00
0xb5b3f3caf9d778b1293e5cd29f32e84b04c67a08,PONS,Open Long,0.56,1785.0,0.0,1.0004,0,2026-09-10T09:54:58.516000+00:00
0xb5b3f3caf9d778b1293e5cd29f32e84b04c67a08,PONS,Open Long,0.56,1786.0,0.0,0.99984,0,2026-09-10T09:54:58.449000+00:00
0xb5b3f3caf9d778b1293e5cd29f32e84b04c67a08,PONS,Open Long,0.56,500.0,0.0,3.571429,0,2026-09-10T09:54:58.373000+00:00
0xb5b3f3caf9d778b1293e5cd29f32e84b04c67a08,PONS,Open Long,0.56,6765.0,0.0,0.263964,0,2026-09-10T09:54:58.308000+00:00
0xb5b3f3caf9d778b1293e5cd29f32e84b04c67a08,PONS,Open Long,0.56,500.0,0.0,3.571429,0,2026-09-10T09:54:58.242000+00:00
0xb5b3f3caf9d778b1293e5cd29f32e84b04c67a08,PONS,Open Long,0.56,1855.0,0.0,0.962649,0,2026-09-10T09:54:58.242000+00:00
0xb5b3f3caf9d778b1293e5cd29f32e84b04c67a08,PONS,Open Long,0.56,1000.0,0.0,1.785714,0,2026-09-10T09:54:58.174000+00:00
0xb5b3f3caf9d778b1293e5cd29f32e84b04c67a08,PONS,Open Long,0.56,181.0,0.0,9.865825,0,2026-09-10T09:54:58.174000+00:00
0xb5b3f3caf9d778b1293e5cd29f32e84b04c67a08,PONS,Open Long,0.56,7965.0,0.0,0.224195,0,2026-09-10T09:54:58.174000+00:00
0xb5b3f3caf9d778b1293e5cd29f32e84b04c67a08,PONS,Open Long,0.56,1535.0,0.0,1.163332,0,2026-09-10T09:54:58.174000+00:00
0xb5b3f3caf9d778b1293e5cd29f32e84b04c67a08,PONS,Open Long,0.56,66.0,0.0,27.056277,0,2026-09-10T09:54:58.109000+00:00
0xb5b3f3caf9d778b1293e5cd29f32e84b04c67a08,PONS,Open Long,0.56,150.0,0.0,11.904762,0,2026-09-10T09:54:58.109000+00:00
0xb5b3f3caf9d778b1293e5cd29f32e84b04c67a08,PONS,Open Long,0.56,194.0,0.0,9.204713,0,2026-09-10T09:54:58.109000+00:00
0xb5b3f3caf9d778b1293e5cd29f32e84b04c67a08,PONS,Open Long,0.56,583.0,0.0,3.062975,0,2026-09-10T09:54:58.109000+00:00
0xb5b3f3caf9d778b1293e5cd29f32e84b04c67a08,PONS,Open Long,0.56,12400.0,0.0,0.144009,0,2026-09-10T09:54:58.109000+00:00
0xb5b3f3caf9d778b1293e5cd29f32e84b04c67a08,PONS,Open Long,0.56,123.0,0.0,14.518002,0,2026-09-10T09:54:58.040000+00:00
0xb5b3f3caf9d778b1293e5cd29f32e84b04c67a08,PONS,Open Long,0.56,2367.0,0.0,0.754421,0,2026-09-10T09:54:57.974000+00:00
0xb5b3f3caf9d778b1293e5cd29f32e84b04c67a08,PONS,Open Long,0.56,2736.0,0.0,0.652673,0,2026-09-10T09:54:57.974000+00:00
0xb5b3f3caf9d778b1293e5cd29f32e84b04c67a08,PONS,Open Long,0.56,741.0,0.0,2.409871,0,2026-09-10T09:54:57.839000+00:00
0xb5b3f3caf9d778b1293e5cd29f32e84b04c67a08,PONS,Open Long,0.56,1045.0,0.0,1.708817,0,2026-09-10T09:54:57.638000+00:00
0xb5b3f3caf9d778b1293e5cd29f32e84b04c67a08,PONS,Open Long,0.56,327.0,0.0,5.4609,0,2026-09-10T09:54:57.103000+00:00
0xb5b3f3caf9d778b1293e5cd29f32e84b04c67a08,PONS,Open Long,0.56,2771.0,0.0,0.64443,0,2026-09-10T09:54:57.036000+00:00
0xb5b3f3caf9d778b1293e5cd29f32e84b04c67a08,PONS,Open Long,0.55999,611.0,0.0,2.922661,0,2026-09-10T09:54:56.091000+00:00
0xb5b3f3caf9d778b1293e5cd29f32e84b04c67a08,PONS,Open Long,0.55997,492.0,0.0,3.629695,0,2026-09-10T09:54:56.091000+00:00
0xb5b3f3caf9d778b1293e5cd29f32e84b04c67a08,PONS,Open Long,0.55992,611.0,0.0,2.923027,0,2026-09-10T09:54:56.091000+00:00
0xb5b3f3caf9d778b1293e5cd29f32e84b04c67a08,PONS,Open Long,0.55987,610.0,0.0,2.92808,0,2026-09-10T09:54:56.091000+00:00
0xb5b3f3caf9d778b1293e5cd29f32e84b04c67a08,PONS,Open Long,0.55987,27.0,0.0,66.152923,0,2026-09-10T09:54:56.091000+00:00
0xb5b3f3caf9d778b1293e5cd29f32e84b04c67a08,PONS,Open Long,0.55985,35.0,0.0,51.034078,0,2026-09-10T09:54:56.091000+00:00
0xb5b3f3caf9d778b1293e5cd29f32e84b04c67a08,PONS,Open Long,0.55985,35.0,0.0,51.034078,0,2026-09-10T09:54:56.091000+00:00
0xb5b3f3caf9d778b1293e5cd29f32e84b04c67a08,PONS,Open Long,0.55985,615.0,0.0,2.904378,0,2026-09-10T09:54:56.091000+00:00
0xb5b3f3caf9d778b1293e5cd29f32e84b04c67a08,PONS,Open Long,0.55982,2989.0,0.0,0.597621,0,2026-09-10T09:54:56.091000+00:00
0xb5b3f3caf9d778b1293e5cd29f32e84b04c67a08,PONS,Open Long,0.55981,611.0,0.0,2.923601,0,2026-09-10T09:54:56.091000+00:00
0xb5b3f3caf9d778b1293e5cd29f32e84b04c67a08,PONS,Open Long,0.55976,611.0,0.0,2.923862,0,2026-09-10T09:54:56.091000+00:00
0xb5b3f3caf9d778b1293e5cd29f32e84b04c67a08,PONS,Open Long,0.55974,3857.0,0.0,0.463195,0,2026-09-10T09:54:56.091000+00:00
0xb5b3f3caf9d778b1293e5cd29f32e84b04c67a08,PONS,Open Long,0.55973,1430.0,0.0,1.249354,0,2026-09-10T09:54:56.091000+00:00
0xb5b3f3caf9d778b1293e5cd29f32e84b04c67a08,PONS,Open Long,0.55967,611.0,0.0,2.924333,0,2026-09-10T09:54:56.091000+00:00
0xb5b3f3caf9d778b1293e5cd29f32e84b04c67a08,PONS,Open Long,0.55965,1488.0,0.0,1.200827,0,2026-09-10T09:54:56.091000+00:00
0xb5b3f3caf9d778b1293e5cd29f32e84b04c67a08,PONS,Open Long,0.55962,610.0,0.0,2.929388,0,2026-09-10T09:54:56.091000+00:00
0xb5b3f3caf9d778b1293e5cd29f32e84b04c67a08,PONS,Open Long,0.55957,610.0,0.0,2.92965,0,2026-09-10T09:54:56.091000+00:00
0xb5b3f3caf9d778b1293e5cd29f32e84b04c67a08,PONS,Open Long,0.55952,506.0,0.0,3.532107,0,2026-09-10T09:54:56.091000+00:00
0xb5b3f3caf9d778b1293e5cd29f32e84b04c67a08,PONS,Open Long,0.55949,610.0,0.0,2.930069,0,2026-09-10T09:54:56.091000+00:00
0xb5b3f3caf9d778b1293e5cd29f32e84b04c67a08,PONS,Open Long,0.55945,698.0,0.0,2.560845,0,2026-09-10T09:54:56.091000+00:00
0xb5b3f3caf9d778b1293e5cd29f32e84b04c67a08,PONS,Open Long,0.55944,506.0,0.0,3.532612,0,2026-09-10T09:54:56.091000+00:00
0xb5b3f3caf9d778b1293e5cd29f32e84b04c67a08,PONS,Open Long,0.55944,506.0,0.0,3.532612,0,2026-09-10T09:54:56.091000+00:00
0xb5b3f3caf9d778b1293e5cd29f32e84b04c67a08,PONS,Open Long,0.55942,613.0,0.0,2.916094,0,2026-09-10T09:54:56.091000+00:00
0xb5b3f3caf9d778b1293e5cd29f32e84b04c67a08,PONS,Open Long,0.55937,613.0,0.0,2.916355,0,2026-09-10T09:54:56.091000+00:00
0xb5b3f3caf9d778b1293e5cd29f32e84b04c67a08,PONS,Open Long,0.55936,615.0,0.0,2.906923,0,2026-09-10T09:54:56.091000+00:00
0xb5b3f3caf9d778b1293e5cd29f32e84b04c67a08,PONS,Open Long,0.55931,615.0,0.0,2.907183,0,2026-09-10T09:54:56.091000+00:00
0xb5b3f3caf9d778b1293e5cd29f32e84b04c67a08,PONS,Open Long,0.55928,188.0,0.0,9.510708,0,2026-09-10T09:54:56.091000+00:00
0xb5b3f3caf9d778b1293e5cd29f32e84b04c67a08,PONS,Open Long,0.55926,615.0,0.0,2.907442,0,2026-09-10T09:54:56.091000+00:00
